"id","time","y","grupo","Z1","Z2","Z3","Z4","Z5","Z6","Z7","Z8","Z9","Z10","Z11"
1,29,4.32734184757031,0,-0.0144034362116381,0.00380997662579353,-0.0304914149602663,-0.0537092039149748,-0.0200331924178054,-0.0814906390228564,-0.183970742694785,-0.138583675228428,0.224542592837674,0.959435651065274,-1.2792408153894
2,16,2.24774573296888,0,-0.0197952785807876,0.0373011602848168,0.0485776596235408,0.0469992683197215,0.023322633780704,0.0328227256752861,0.129629907960796,0.266363818497749,0.414162176132372,0.431006351234555,0.711868935850135
2,37,4.3267748555036,0,0.0166847592920637,0.00558257019902008,0.0397249055156252,0.0170889722453261,-0.0680705715397419,0.0995035021007899,-0.0513639971923564,-0.293102910111479,-0.204263455014263,0.732228718070658,-2.08427751180887
2,39,4.45401123208551,0,0.0328480309200758,-0.0140727054306012,0.0403181997604894,0.0477022413793989,-0.0398872412545269,0.122563666022507,0.0131593437459066,-0.276819035649829,-0.301946767468321,0.619920025403765,-2.22141756961814
3,11,1.97738031087261,0,1.67122504307516e-05,-0.0035662444018293,-0.0139621254924163,-0.0340258958257523,-0.0656623097704958,0.109029401144619,0.160533394873227,0.206946051586418,0.203999203739456,-0.0244000175331169,1.61796934283685
3,16,3.15328126463528,0,-0.0197952785807876,0.0373011602848168,0.0485776596235408,0.0469992683197215,0.023322633780704,0.0328227256752861,0.129629907960796,0.266363818497749,0.414162176132372,0.431006351234555,0.711868935850135
3,34,4.76189716209714,0,-0.0187565155393157,0.0321803983520639,0.0178530396363594,-0.0361352336106336,-0.0843841325124078,0.0365304172582186,-0.135713563207385,-0.274507109369277,-0.0418640735492609,0.863040044822033,-1.82867213969603
3,50,4.64163298820517,0,-0.0185502743713789,0.0159657020759651,-0.0326566930807357,-0.0346289574108928,0.0704520252003276,-0.0601464533596725,0.166903277597324,0.102872745835462,-0.491578445294325,-0.196457312672693,-2.46300323216551
4,27,4.31183125406614,0,0.00682506152442232,-0.022836273106345,-0.0399288735041646,-0.0320198635120181,0.0235507656741422,-0.113179203925359,-0.165071031649423,-0.0600136505834606,0.314223442727684,0.951291000706248,-1.02040539533549
4,48,4.57758446451375,0,-0.0344598007097492,0.00340890260479741,-0.0491134628025586,-0.00730135277835896,0.0878471526093941,-0.01246827020448,0.185377648576518,0.020965041090841,-0.510794605873425,-0.0395484124448833,-2.48528654475653
5,31,4.54757124673803,0,-0.029323103388456,0.0275127256836963,-0.0131535929050171,-0.0617734435065777,-0.058568948977943,-0.0377141892765196,-0.181859112551002,-0.206594213707473,0.122689458110599,0.940590229179833,-1.51655766499538
5,50,5.07479372945646,0,-0.0185502743713789,0.0159657020759651,-0.0326566930807357,-0.0346289574108928,0.0704520252003276,-0.0601464533596725,0.166903277597324,0.102872745835462,-0.491578445294325,-0.196457312672693,-2.46300323216551
6,26,3.94895037677833,0,0.0162904723658411,-0.0331759925887876,-0.0403022053001087,-0.0181996368939044,0.0437083673990392,-0.122504103576414,-0.148462301103792,-0.0189403527925764,0.352933696784279,0.936954564811656,-0.883430903885456
6,65,4.4777120045129,0,-0.023354803517218,-0.0168467323663176,-0.0225334971397107,0.05987123258972,-0.0406375864684519,0.0607161145584159,-0.185685420856132,0.174343184607455,0.174824448263868,-0.953358132428434,-1.4006915979973
7,31,3.95809723672572,0,-0.029323103388456,0.0275127256836963,-0.0131535929050171,-0.0617734435065777,-0.058568948977943,-0.0377141892765196,-0.181859112551002,-0.206594213707473,0.122689458110599,0.940590229179833,-1.51655766499538
7,72,4.61030265563939,0,0.0243502652693948,0.0341329403525164,-0.0183134782872002,-0.0250178562073632,0.0815097565934845,0.115690197625332,-0.0738333561281121,-0.101082523789185,0.437249466420412,-0.852328595732065,-0.444753328862459
8,40,4.56565238947604,0,0.033823117762825,-0.0209268325273408,0.0344128295779367,0.0569417102101085,-0.0220277917357052,0.12556691851085,0.0449634858828777,-0.25980674703785,-0.345500046034614,0.557253199225219,-2.27958980564067
8,52,4.85395344842741,0,0.00718632091632364,0.0242072577550441,-0.00420437462032476,-0.0544453361198153,0.0373131271752187,-0.0990450458639581,0.128340856338787,0.176970612105118,-0.448736093815937,-0.348227214693647,-2.41133261322403
9,20,3.18894884780392,0,0.00379508596686545,0.00288586402727218,0.0246359214962373,0.0556472391029298,0.077868361715489,-0.0629229385521969,0.021518724852935,0.200103860777984,0.466823021962634,0.707565712693457,0.0309109040189016
9,27,3.8532560528487,0,0.00682506152442232,-0.022836273106345,-0.0399288735041646,-0.0320198635120181,0.0235507656741422,-0.113179203925359,-0.165071031649423,-0.0600136505834606,0.314223442727684,0.951291000706248,-1.02040539533549
10,27,4.12595909486433,0,0.00682506152442232,-0.022836273106345,-0.0399288735041646,-0.0320198635120181,0.0235507656741422,-0.113179203925359,-0.165071031649423,-0.0600136505834606,0.314223442727684,0.951291000706248,-1.02040539533549
10,36,4.72248545202924,0,0.00473988590692551,0.0160174400957016,0.0345623279701267,-0.0012150053753285,-0.077444480885555,0.0813459276540865,-0.0821202498048911,-0.292551450147429,-0.151542234558066,0.781191929495596,-2.00558880590623
10,51,4.87028259933461,0,-0.00604196462147845,0.0208416475791201,-0.0191713223749335,-0.045851611301986,0.0552823475710122,-0.081132177975724,0.149786463089955,0.141288400703409,-0.472958355206901,-0.27324158836937,-2.44081664112469
11,9,1.00962593216547,0,0.00905517517291869,-0.0199769749292885,-0.0344343376095519,-0.0536455296832121,-0.077959775938108,0.105984755648535,0.132395396225257,0.141456994914036,0.0837817489825942,-0.231437565452071,1.99204422747343
11,15,2.65799302991579,0,-0.0190316301438683,0.0342816401182685,0.0410738168000755,0.0333375102171919,0.00383212359950185,0.0546270672649233,0.146447733224735,0.267119363124755,0.384015625746831,0.34853109130572,0.888924022987158
11,31,4.45495485041884,0,-0.029323103388456,0.0275127256836963,-0.0131535929050171,-0.0617734435065777,-0.058568948977943,-0.0377141892765196,-0.181859112551002,-0.206594213707473,0.122689458110599,0.940590229179833,-1.51655766499538
12,17,2.41876817973179,0,-0.0175281132457116,0.0351901923533376,0.0504430837423709,0.0563012015190211,0.0411828991727927,0.00924633805380769,0.107964892480869,0.258933770077016,0.43758985942118,0.508429919415252,0.537316845941477
12,31,4.09726990464403,0,-0.029323103388456,0.0275127256836963,-0.0131535929050171,-0.0617734435065777,-0.058568948977943,-0.0377141892765196,-0.181859112551002,-0.206594213707473,0.122689458110599,0.940590229179833,-1.51655766499538
12,46,4.63437399779566,0,-0.0286018168839462,-0.010010945624788,-0.0431431766018906,0.021528497038897,0.0816857601756323,0.0369658310808939,0.178998079534858,-0.0625046313487733,-0.504291987656927,0.118388287424298,-2.47784299661871
13,28,3.34891766240799,0,-0.00387486126624774,-0.0099626542832893,-0.036474241902984,-0.0441409000373912,0.00183325201579327,-0.0992431922763389,-0.177003229236151,-0.100184294307921,0.271217666202214,0.958765651641,-1.15241039016946
13,41,4.26844718206116,0,0.028855653557907,-0.0246813746083633,0.0241050114919509,0.0607415081662378,-0.00247834236567256,0.122140375196612,0.0752361474092111,-0.237010769119834,-0.384702562808512,0.490746919942255,-2.33066980575426
14,39,4.60798849090628,0,0.0328480309200758,-0.0140727054306012,0.0403181997604894,0.0477022413793989,-0.0398872412545269,0.122563666022507,0.0131593437459066,-0.276819035649829,-0.301946767468321,0.619920025403765,-2.22141756961814
14,51,4.94980686446237,0,-0.00604196462147845,0.0208416475791201,-0.0191713223749335,-0.045851611301986,0.0552823475710122,-0.081132177975724,0.149786463089955,0.141288400703409,-0.472958355206901,-0.27324158836937,-2.44081664112469
15,19,2.82074779837668,0,-0.00468774154727752,0.0163984827032105,0.0370933533891088,0.060047129250937,0.0688364362865308,-0.0396489100337207,0.0528151353173652,0.225121670019343,0.463796787465123,0.646934439176685,0.196606449158969
15,31,4.15901761772686,0,-0.029323103388456,0.0275127256836963,-0.0131535929050171,-0.0617734435065777,-0.058568948977943,-0.0377141892765196,-0.181859112551002,-0.206594213707473,0.122689458110599,0.940590229179833,-1.51655766499538
15,49,4.49850021746801,0,-0.0286018168839463,0.0100109456247879,-0.0431431766018908,-0.0215284970388967,0.0816857601756324,-0.0369658310808942,0.178998079534858,0.062504631348774,-0.504291987656927,-0.118388287424303,-2.47784299661871
16,38,4.65702840185159,0,0.0265954623275338,-0.00484222802313038,0.0418667112859702,0.0339068820377845,-0.0553933146313202,0.113559723121545,-0.0192769089347984,-0.287888463514926,-0.254633193208476,0.678358347526286,-2.15626697301891
17,20,4.26292746413155,0,0.00379508596686545,0.00288586402727218,0.0246359214962373,0.0556472391029298,0.077868361715489,-0.0629229385521969,0.021518724852935,0.200103860777984,0.466823021962634,0.707565712693457,0.0309109040189016
17,56,4.61030101487936,0,0.0328480309200759,0.0140727054306013,0.0403181997604893,-0.0477022413793991,-0.0398872412545268,-0.122563666022507,0.0131593437459063,0.27681903564983,-0.30194676746832,-0.619920025403769,-2.22141756961811
18,25,3.2446270299383,0,0.0231155114634777,-0.039346925476031,-0.0370411328271169,-0.0035337627380991,0.060895076032282,-0.126423320836,-0.12746518876845,0.0221669903272039,0.386722202742196,0.91569921050786,-0.74169198881731
18,34,4.59451905614986,0,-0.0187565155393157,0.0321803983520639,0.0178530396363594,-0.0361352336106336,-0.0843841325124078,0.0365304172582186,-0.135713563207385,-0.274507109369277,-0.0418640735492609,0.863040044822033,-1.82867213969603
18,50,4.66266553279454,0,-0.0185502743713789,0.0159657020759651,-0.0326566930807357,-0.0346289574108928,0.0704520252003276,-0.0601464533596725,0.166903277597324,0.102872745835462,-0.491578445294325,-0.196457312672693,-2.46300323216551
19,30,3.48507853501619,0,-0.0233548035172179,0.0168467323663174,-0.0225334971397108,-0.0598712325897199,-0.0406375864684516,-0.0607161145584155,-0.185685420856133,-0.174343184607455,0.174824448263867,0.953358132428431,-1.40069159799736
19,57,4.71346652794695,0,0.0265954623275339,0.00484222802313056,0.0418667112859702,-0.0339068820377849,-0.0553933146313201,-0.113559723121545,-0.0192769089347987,0.287888463514927,-0.254633193208475,-0.67835834752629,-2.15626697301888
20,20,3.02384977221802,0,0.00379508596686545,0.00288586402727218,0.0246359214962373,0.0556472391029298,0.077868361715489,-0.0629229385521969,0.021518724852935,0.200103860777984,0.466823021962634,0.707565712693457,0.0309109040189016
21,50,4.69770019372152,0,-0.0185502743713789,0.0159657020759651,-0.0326566930807357,-0.0346289574108928,0.0704520252003276,-0.0601464533596725,0.166903277597324,0.102872745835462,-0.491578445294325,-0.196457312672693,-2.46300323216551
22,14,2.17068327848547,0,-0.0159484670235272,0.0274012042774059,0.0294923381890122,0.0168546937982577,-0.0160522819965406,0.0739039622458622,0.158180526392794,0.261375723523939,0.347536846991487,0.261378106752066,1.06827180425929
22,41,4.37524131698062,0,0.028855653557907,-0.0246813746083633,0.0241050114919509,0.0607415081662378,-0.00247834236567256,0.122140375196612,0.0752361474092111,-0.237010769119834,-0.384702562808512,0.490746919942255,-2.33066980575426
23,21,3.11940615151399,0,0.0121925779354475,-0.011150585321302,0.0102737965436654,0.0479167466794254,0.0832287240705916,-0.0840411873447987,-0.0107672315396188,0.170620337348872,0.463315176673071,0.762155551739162,-0.13136889567215
23,35,4.38764430905817,0,-0.00761519373462091,0.0252781325267657,0.0270485241701473,-0.0194685682015311,-0.0830405115745226,0.0600379244752809,-0.110563995550526,-0.286323158330715,-0.0971742135122702,0.824908774259815,-1.92034047522921
23,62,4.50302423521468,0,-0.0270601154138988,-0.0355399884314474,0.00764541988943568,0.0496785189799879,-0.0810008126049737,-0.0117743306967452,-0.156587281553592,0.257192377971054,0.0136835036585784,-0.895246533640969,-1.73072341922486
24,29,4.24081894426997,0,-0.0144034362116381,0.00380997662579353,-0.0304914149602663,-0.0537092039149748,-0.0200331924178054,-0.0814906390228564,-0.183970742694785,-0.138583675228428,0.224542592837674,0.959435651065274,-1.2792408153894
24,36,4.66714478765698,0,0.00473988590692551,0.0160174400957016,0.0345623279701267,-0.0012150053753285,-0.077444480885555,0.0813459276540865,-0.0821202498048911,-0.292551450147429,-0.151542234558066,0.781191929495596,-2.00558880590623
24,50,4.79732547615677,0,-0.0185502743713789,0.0159657020759651,-0.0326566930807357,-0.0346289574108928,0.0704520252003276,-0.0601464533596725,0.166903277597324,0.102872745835462,-0.491578445294325,-0.196457312672693,-2.46300323216551
25,30,4.14652094806804,0,-0.0233548035172179,0.0168467323663174,-0.0225334971397108,-0.0598712325897199,-0.0406375864684516,-0.0607161145584155,-0.185685420856133,-0.174343184607455,0.174824448263867,0.953358132428431,-1.40069159799736
25,49,4.64551599594023,0,-0.0286018168839463,0.0100109456247879,-0.0431431766018908,-0.0215284970388967,0.0816857601756324,-0.0369658310808942,0.178998079534858,0.062504631348774,-0.504291987656927,-0.118388287424303,-2.47784299661871
26,24,4.07451114094134,0,0.0259198156514928,-0.0397478281932356,-0.0296131010388037,0.0111264087595252,0.073717925278402,-0.124160885049739,-0.10237631133356,0.0624414215895041,0.414967711301162,0.887470635336606,-0.595393997439522
27,48,4.57033461494734,0,-0.0344598007097492,0.00340890260479741,-0.0491134628025586,-0.00730135277835896,0.0878471526093941,-0.01246827020448,0.185377648576518,0.020965041090841,-0.510794605873425,-0.0395484124448833,-2.48528654475653
28,32,3.6125887850977,0,-0.0309024760308217,0.0341730693233441,-0.00290480671988445,-0.0585622941104991,-0.0724162987880775,-0.0132794335706725,-0.172203666610201,-0.234468153790954,0.0687638480076734,0.921189074768845,-1.6266339433855
28,46,4.45179781584477,0,-0.0286018168839462,-0.010010945624788,-0.0431431766018906,0.021528497038897,0.0816857601756323,0.0369658310808939,0.178998079534858,-0.0625046313487733,-0.504291987656927,0.118388287424298,-2.47784299661871
29,21,2.98116471042019,0,0.0121925779354475,-0.011150585321302,0.0102737965436654,0.0479167466794254,0.0832287240705916,-0.0840411873447987,-0.0107672315396188,0.170620337348872,0.463315176673071,0.762155551739162,-0.13136889567215
29,26,3.45563039989067,0,0.0162904723658411,-0.0331759925887876,-0.0403022053001087,-0.0181996368939044,0.0437083673990392,-0.122504103576414,-0.148462301103792,-0.0189403527925764,0.352933696784279,0.936954564811656,-0.883430903885456
30,16,2.71878957449803,0,-0.0197952785807876,0.0373011602848168,0.0485776596235408,0.0469992683197215,0.023322633780704,0.0328227256752861,0.129629907960796,0.266363818497749,0.414162176132372,0.431006351234555,0.711868935850135
30,27,3.15722008635123,0,0.00682506152442232,-0.022836273106345,-0.0399288735041646,-0.0320198635120181,0.0235507656741422,-0.113179203925359,-0.165071031649423,-0.0600136505834606,0.314223442727684,0.951291000706248,-1.02040539533549
31,24,3.3604690716447,0,0.0259198156514928,-0.0397478281932356,-0.0296131010388037,0.0111264087595252,0.073717925278402,-0.124160885049739,-0.10237631133356,0.0624414215895041,0.414967711301162,0.887470635336606,-0.595393997439522
31,35,4.68035169198057,0,-0.00761519373462091,0.0252781325267657,0.0270485241701473,-0.0194685682015311,-0.0830405115745226,0.0600379244752809,-0.110563995550526,-0.286323158330715,-0.0971742135122702,0.824908774259815,-1.92034047522921
31,52,4.93780165484436,0,0.00718632091632364,0.0242072577550441,-0.00420437462032476,-0.0544453361198153,0.0373131271752187,-0.0990450458639581,0.128340856338787,0.176970612105118,-0.448736093815937,-0.348227214693647,-2.41133261322403
32,22,3.69182219446252,0,0.0194094118668352,-0.0240453564215517,-0.00453025790526206,0.0374941272807834,0.0845612726104022,-0.101973619379764,-0.0429241273650501,0.137377693697456,0.453411306518356,0.810483373642474,-0.290000967453017
32,34,4.71513013352848,0,-0.0187565155393157,0.0321803983520639,0.0178530396363594,-0.0361352336106336,-0.0843841325124078,0.0365304172582186,-0.135713563207385,-0.274507109369277,-0.0418640735492609,0.863040044822033,-1.82867213969603
32,50,5.00000446681449,0,-0.0185502743713789,0.0159657020759651,-0.0326566930807357,-0.0346289574108928,0.0704520252003276,-0.0601464533596725,0.166903277597324,0.102872745835462,-0.491578445294325,-0.196457312672693,-2.46300323216551
33,27,3.63112038115599,0,0.00682506152442232,-0.022836273106345,-0.0399288735041646,-0.0320198635120181,0.0235507656741422,-0.113179203925359,-0.165071031649423,-0.0600136505834606,0.314223442727684,0.951291000706248,-1.02040539533549
33,40,4.36180214276313,0,0.033823117762825,-0.0209268325273408,0.0344128295779367,0.0569417102101085,-0.0220277917357052,0.12556691851085,0.0449634858828777,-0.25980674703785,-0.345500046034614,0.557253199225219,-2.27958980564067
34,21,3.03442905413956,0,0.0121925779354475,-0.011150585321302,0.0102737965436654,0.0479167466794254,0.0832287240705916,-0.0840411873447987,-0.0107672315396188,0.170620337348872,0.463315176673071,0.762155551739162,-0.13136889567215
34,35,4.17673609473423,0,-0.00761519373462091,0.0252781325267657,0.0270485241701473,-0.0194685682015311,-0.0830405115745226,0.0600379244752809,-0.110563995550526,-0.286323158330715,-0.0971742135122702,0.824908774259815,-1.92034047522921
35,19,2.26085466399044,0,-0.00468774154727752,0.0163984827032105,0.0370933533891088,0.060047129250937,0.0688364362865308,-0.0396489100337207,0.0528151353173652,0.225121670019343,0.463796787465123,0.646934439176685,0.196606449158969
35,29,3.7376578494207,0,-0.0144034362116381,0.00380997662579353,-0.0304914149602663,-0.0537092039149748,-0.0200331924178054,-0.0814906390228564,-0.183970742694785,-0.138583675228428,0.224542592837674,0.959435651065274,-1.2792408153894
35,50,4.84956832507126,0,-0.0185502743713789,0.0159657020759651,-0.0326566930807357,-0.0346289574108928,0.0704520252003276,-0.0601464533596725,0.166903277597324,0.102872745835462,-0.491578445294325,-0.196457312672693,-2.46300323216551
36,42,4.58984421406526,0,0.0193977907925961,-0.0256310082245281,0.0107268400472504,0.0596590092720197,0.0176807639004795,0.113007097959284,0.10325967766986,-0.209138396193091,-0.419216037542714,0.420900291824834,-2.37460053819131
37,63,4.91607365296607,0,-0.0309024760308217,-0.0341730693233442,-0.00290480671988426,0.058562294110499,-0.0724162987880778,0.0132794335706729,-0.172203666610201,0.234468153790955,0.0687638480076746,-0.921189074768848,-1.62663394338545
38,41,4.14171916215248,0,0.028855653557907,-0.0246813746083633,0.0241050114919509,0.0607415081662378,-0.00247834236567256,0.122140375196612,0.0752361474092111,-0.237010769119834,-0.384702562808512,0.490746919942255,-2.33066980575426
38,52,4.40225325068726,0,0.00718632091632364,0.0242072577550441,-0.00420437462032476,-0.0544453361198153,0.0373131271752187,-0.0990450458639581,0.128340856338787,0.176970612105118,-0.448736093815937,-0.348227214693647,-2.41133261322403
39,20,2.90769285539505,0,0.00379508596686545,0.00288586402727218,0.0246359214962373,0.0556472391029298,0.077868361715489,-0.0629229385521969,0.021518724852935,0.200103860777984,0.466823021962634,0.707565712693457,0.0309109040189016
39,34,4.58862347986293,0,-0.0187565155393157,0.0321803983520639,0.0178530396363594,-0.0361352336106336,-0.0843841325124078,0.0365304172582186,-0.135713563207385,-0.274507109369277,-0.0418640735492609,0.863040044822033,-1.82867213969603
39,49,4.59255732798281,0,-0.0286018168839463,0.0100109456247879,-0.0431431766018908,-0.0215284970388967,0.0816857601756324,-0.0369658310808942,0.178998079534858,0.062504631348774,-0.504291987656927,-0.118388287424303,-2.47784299661871
40,16,2.48095784750514,0,-0.0197952785807876,0.0373011602848168,0.0485776596235408,0.0469992683197215,0.023322633780704,0.0328227256752861,0.129629907960796,0.266363818497749,0.414162176132372,0.431006351234555,0.711868935850135
40,21,3.55481801484854,0,0.0121925779354475,-0.011150585321302,0.0102737965436654,0.0479167466794254,0.0832287240705916,-0.0840411873447987,-0.0107672315396188,0.170620337348872,0.463315176673071,0.762155551739162,-0.13136889567215
40,35,4.63232399349105,0,-0.00761519373462091,0.0252781325267657,0.0270485241701473,-0.0194685682015311,-0.0830405115745226,0.0600379244752809,-0.110563995550526,-0.286323158330715,-0.0971742135122702,0.824908774259815,-1.92034047522921
41,39,4.57763264305463,0,0.0328480309200758,-0.0140727054306012,0.0403181997604894,0.0477022413793989,-0.0398872412545269,0.122563666022507,0.0131593437459066,-0.276819035649829,-0.301946767468321,0.619920025403765,-2.22141756961814
41,52,4.88210075239665,0,0.00718632091632364,0.0242072577550441,-0.00420437462032476,-0.0544453361198153,0.0373131271752187,-0.0990450458639581,0.128340856338787,0.176970612105118,-0.448736093815937,-0.348227214693647,-2.41133261322403
42,36,4.56478395163089,0,0.00473988590692551,0.0160174400957016,0.0345623279701267,-0.0012150053753285,-0.077444480885555,0.0813459276540865,-0.0821202498048911,-0.292551450147429,-0.151542234558066,0.781191929495596,-2.00558880590623
43,17,1.89139919876033,0,-0.0175281132457116,0.0351901923533376,0.0504430837423709,0.0563012015190211,0.0411828991727927,0.00924633805380769,0.107964892480869,0.258933770077016,0.43758985942118,0.508429919415252,0.537316845941477
43,37,4.86451471223933,0,0.0166847592920637,0.00558257019902008,0.0397249055156252,0.0170889722453261,-0.0680705715397419,0.0995035021007899,-0.0513639971923564,-0.293102910111479,-0.204263455014263,0.732228718070658,-2.08427751180887
44,20,3.3117161046278,0,0.00379508596686545,0.00288586402727218,0.0246359214962373,0.0556472391029298,0.077868361715489,-0.0629229385521969,0.021518724852935,0.200103860777984,0.466823021962634,0.707565712693457,0.0309109040189016
45,18,2.9411085459806,0,-0.0121605821153477,0.0277217617855525,0.046183328658935,0.0604779418230873,0.0564891985251532,-0.0152491388211319,0.0820033933584254,0.244967171107503,0.454098418258612,0.580482313860174,0.365485757286884
45,37,4.75467333818163,0,0.0166847592920637,0.00558257019902008,0.0397249055156252,0.0170889722453261,-0.0680705715397419,0.0995035021007899,-0.0513639971923564,-0.293102910111479,-0.204263455014263,0.732228718070658,-2.08427751180887
45,53,4.93543945702261,0,0.0193977907925959,0.0256310082245281,0.0107268400472501,-0.0596590092720197,0.0176807639004797,-0.113007097959284,0.10325967766986,0.209138396193092,-0.419216037542713,-0.420900291824839,-2.37460053819129
46,39,4.36543631166168,0,0.0328480309200758,-0.0140727054306012,0.0403181997604894,0.0477022413793989,-0.0398872412545269,0.122563666022507,0.0131593437459066,-0.276819035649829,-0.301946767468321,0.619920025403765,-2.22141756961814
46,50,4.66826938343052,0,-0.0185502743713789,0.0159657020759651,-0.0326566930807357,-0.0346289574108928,0.0704520252003276,-0.0601464533596725,0.166903277597324,0.102872745835462,-0.491578445294325,-0.196457312672693,-2.46300323216551
47,16,2.49251549540407,0,-0.0197952785807876,0.0373011602848168,0.0485776596235408,0.0469992683197215,0.023322633780704,0.0328227256752861,0.129629907960796,0.266363818497749,0.414162176132372,0.431006351234555,0.711868935850135
47,29,4.13716397454243,0,-0.0144034362116381,0.00380997662579353,-0.0304914149602663,-0.0537092039149748,-0.0200331924178054,-0.0814906390228564,-0.183970742694785,-0.138583675228428,0.224542592837674,0.959435651065274,-1.2792408153894
47,39,4.58728533291104,0,0.0328480309200758,-0.0140727054306012,0.0403181997604894,0.0477022413793989,-0.0398872412545269,0.122563666022507,0.0131593437459066,-0.276819035649829,-0.301946767468321,0.619920025403765,-2.22141756961814
48,25,3.69288463492577,0,0.0231155114634777,-0.039346925476031,-0.0370411328271169,-0.0035337627380991,0.060895076032282,-0.126423320836,-0.12746518876845,0.0221669903272039,0.386722202742196,0.91569921050786,-0.74169198881731
48,35,4.4920631340579,0,-0.00761519373462091,0.0252781325267657,0.0270485241701473,-0.0194685682015311,-0.0830405115745226,0.0600379244752809,-0.110563995550526,-0.286323158330715,-0.0971742135122702,0.824908774259815,-1.92034047522921
48,50,4.98012115089616,0,-0.0185502743713789,0.0159657020759651,-0.0326566930807357,-0.0346289574108928,0.0704520252003276,-0.0601464533596725,0.166903277597324,0.102872745835462,-0.491578445294325,-0.196457312672693,-2.46300323216551
49,18,2.46091661424325,0,-0.0121605821153477,0.0277217617855525,0.046183328658935,0.0604779418230873,0.0564891985251532,-0.0152491388211319,0.0820033933584254,0.244967171107503,0.454098418258612,0.580482313860174,0.365485757286884
49,35,4.25679149077491,0,-0.00761519373462091,0.0252781325267657,0.0270485241701473,-0.0194685682015311,-0.0830405115745226,0.0600379244752809,-0.110563995550526,-0.286323158330715,-0.0971742135122702,0.824908774259815,-1.92034047522921
49,54,4.41886829904069,0,0.0288556535579068,0.0246813746083634,0.0241050114919506,-0.0607415081662378,-0.00247834236567238,-0.122140375196612,0.0752361474092107,0.237010769119835,-0.384702562808511,-0.490746919942259,-2.33066980575424
50,17,3.08780696917981,0,-0.0175281132457116,0.0351901923533376,0.0504430837423709,0.0563012015190211,0.0411828991727927,0.00924633805380769,0.107964892480869,0.258933770077016,0.43758985942118,0.508429919415252,0.537316845941477
50,22,3.90616741431305,0,0.0194094118668352,-0.0240453564215517,-0.00453025790526206,0.0374941272807834,0.0845612726104022,-0.101973619379764,-0.0429241273650501,0.137377693697456,0.453411306518356,0.810483373642474,-0.290000967453017
51,61,4.49228704322078,0,-0.0187565155393155,-0.0321803983520637,0.0178530396363596,0.0361352336106334,-0.0843841325124079,-0.0365304172582183,-0.135713563207385,0.274507109369277,-0.0418640735492596,-0.863040044822037,-1.82867213969599
52,21,3.28557054184204,0,0.0121925779354475,-0.011150585321302,0.0102737965436654,0.0479167466794254,0.0832287240705916,-0.0840411873447987,-0.0107672315396188,0.170620337348872,0.463315176673071,0.762155551739162,-0.13136889567215
53,26,3.33393421078558,0,0.0162904723658411,-0.0331759925887876,-0.0403022053001087,-0.0181996368939044,0.0437083673990392,-0.122504103576414,-0.148462301103792,-0.0189403527925764,0.352933696784279,0.936954564811656,-0.883430903885456
53,51,4.44749128954167,0,-0.00604196462147845,0.0208416475791201,-0.0191713223749335,-0.045851611301986,0.0552823475710122,-0.081132177975724,0.149786463089955,0.141288400703409,-0.472958355206901,-0.27324158836937,-2.44081664112469
54,18,3.06317214586759,0,-0.0121605821153477,0.0277217617855525,0.046183328658935,0.0604779418230873,0.0564891985251532,-0.0152491388211319,0.0820033933584254,0.244967171107503,0.454098418258612,0.580482313860174,0.365485757286884
54,34,4.34410477025592,0,-0.0187565155393157,0.0321803983520639,0.0178530396363594,-0.0361352336106336,-0.0843841325124078,0.0365304172582186,-0.135713563207385,-0.274507109369277,-0.0418640735492609,0.863040044822033,-1.82867213969603
55,29,4.27308768282232,0,-0.0144034362116381,0.00380997662579353,-0.0304914149602663,-0.0537092039149748,-0.0200331924178054,-0.0814906390228564,-0.183970742694785,-0.138583675228428,0.224542592837674,0.959435651065274,-1.2792408153894
56,24,2.90030028525806,0,0.0259198156514928,-0.0397478281932356,-0.0296131010388037,0.0111264087595252,0.073717925278402,-0.124160885049739,-0.10237631133356,0.0624414215895041,0.414967711301162,0.887470635336606,-0.595393997439522
56,37,4.19193546788094,0,0.0166847592920637,0.00558257019902008,0.0397249055156252,0.0170889722453261,-0.0680705715397419,0.0995035021007899,-0.0513639971923564,-0.293102910111479,-0.204263455014263,0.732228718070658,-2.08427751180887
57,66,4.44476753325071,0,-0.0144034362116383,-0.00380997662579372,-0.0304914149602661,0.0537092039149749,-0.0200331924178057,0.0814906390228569,-0.183970742694785,0.138583675228428,0.224542592837675,-0.959435651065276,-1.27924081538934
58,37,4.58270678070922,0,0.0166847592920637,0.00558257019902008,0.0397249055156252,0.0170889722453261,-0.0680705715397419,0.0995035021007899,-0.0513639971923564,-0.293102910111479,-0.204263455014263,0.732228718070658,-2.08427751180887
58,58,4.48116170151543,0,0.0166847592920639,-0.00558257019901988,0.0397249055156252,-0.0170889722453264,-0.0680705715397418,-0.0995035021007898,-0.0513639971923566,0.29310291011148,-0.204263455014261,-0.732228718070662,-2.08427751180884
59,33,4.56882155300682,0,-0.0270601154138988,0.0355399884314474,0.00764541988943551,-0.0496785189799881,-0.0810008126049735,0.0117743306967455,-0.156587281553592,-0.257192377971053,0.0136835036585772,0.895246533640965,-1.7307234192249
60,16,2.11531682365813,0,-0.0197952785807876,0.0373011602848168,0.0485776596235408,0.0469992683197215,0.023322633780704,0.0328227256752861,0.129629907960796,0.266363818497749,0.414162176132372,0.431006351234555,0.711868935850135
60,36,4.78101773879826,0,0.00473988590692551,0.0160174400957016,0.0345623279701267,-0.0012150053753285,-0.077444480885555,0.0813459276540865,-0.0821202498048911,-0.292551450147429,-0.151542234558066,0.781191929495596,-2.00558880590623
61,33,4.04739237035146,0,-0.0270601154138988,0.0355399884314474,0.00764541988943551,-0.0496785189799881,-0.0810008126049735,0.0117743306967455,-0.156587281553592,-0.257192377971053,0.0136835036585772,0.895246533640965,-1.7307234192249
62,28,2.89580665228206,0,-0.00387486126624774,-0.0099626542832893,-0.036474241902984,-0.0441409000373912,0.00183325201579327,-0.0992431922763389,-0.177003229236151,-0.100184294307921,0.271217666202214,0.958765651641,-1.15241039016946
62,31,3.15315742383495,0,-0.029323103388456,0.0275127256836963,-0.0131535929050171,-0.0617734435065777,-0.058568948977943,-0.0377141892765196,-0.181859112551002,-0.206594213707473,0.122689458110599,0.940590229179833,-1.51655766499538
62,42,4.33069463314132,0,0.0193977907925961,-0.0256310082245281,0.0107268400472504,0.0596590092720197,0.0176807639004795,0.113007097959284,0.10325967766986,-0.209138396193091,-0.419216037542714,0.420900291824834,-2.37460053819131
62,60,4.90703358084977,0,-0.00761519373462073,-0.0252781325267656,0.0270485241701474,0.0194685682015307,-0.0830405115745227,-0.0600379244752807,-0.110563995550526,0.286323158330716,-0.0971742135122688,-0.824908774259819,-1.92034047522917
63,39,4.22742918911015,0,0.0328480309200758,-0.0140727054306012,0.0403181997604894,0.0477022413793989,-0.0398872412545269,0.122563666022507,0.0131593437459066,-0.276819035649829,-0.301946767468321,0.619920025403765,-2.22141756961814
64,28,4.21650641761738,0,-0.00387486126624774,-0.0099626542832893,-0.036474241902984,-0.0441409000373912,0.00183325201579327,-0.0992431922763389,-0.177003229236151,-0.100184294307921,0.271217666202214,0.958765651641,-1.15241039016946
65,24,3.24174422054961,0,0.0259198156514928,-0.0397478281932356,-0.0296131010388037,0.0111264087595252,0.073717925278402,-0.124160885049739,-0.10237631133356,0.0624414215895041,0.414967711301162,0.887470635336606,-0.595393997439522
65,35,4.3100598477053,0,-0.00761519373462091,0.0252781325267657,0.0270485241701473,-0.0194685682015311,-0.0830405115745226,0.0600379244752809,-0.110563995550526,-0.286323158330715,-0.0971742135122702,0.824908774259815,-1.92034047522921
65,86,4.93156423672853,0,0.00905517517291866,0.0199769749292885,-0.0344343376095518,0.053645529683212,-0.077959775938108,-0.105984755648536,0.132395396225256,-0.141456994914036,0.0837817489825944,0.231437565452072,1.99204422747352
66,16,2.16836231443159,0,-0.0197952785807876,0.0373011602848168,0.0485776596235408,0.0469992683197215,0.023322633780704,0.0328227256752861,0.129629907960796,0.266363818497749,0.414162176132372,0.431006351234555,0.711868935850135
66,22,3.2038420070585,0,0.0194094118668352,-0.0240453564215517,-0.00453025790526206,0.0374941272807834,0.0845612726104022,-0.101973619379764,-0.0429241273650501,0.137377693697456,0.453411306518356,0.810483373642474,-0.290000967453017
66,35,4.60006095492654,0,-0.00761519373462091,0.0252781325267657,0.0270485241701473,-0.0194685682015311,-0.0830405115745226,0.0600379244752809,-0.110563995550526,-0.286323158330715,-0.0971742135122702,0.824908774259815,-1.92034047522921
66,51,4.8364688038222,0,-0.00604196462147845,0.0208416475791201,-0.0191713223749335,-0.045851611301986,0.0552823475710122,-0.081132177975724,0.149786463089955,0.141288400703409,-0.472958355206901,-0.27324158836937,-2.44081664112469
67,78,4.58601620877276,0,-0.0175281132457116,-0.0351901923533375,0.0504430837423709,-0.0563012015190212,0.041182899172793,-0.00924633805380789,0.107964892480869,-0.258933770077016,0.43758985942118,-0.508429919415251,0.53731684594156
68,23,4.2630241288861,0,0.0243502652693948,-0.0341329403525164,-0.0183134782872001,0.0250178562073634,0.0815097565934844,-0.115690197625332,-0.0738333561281126,0.101082523789185,0.437249466420411,0.852328595732064,-0.444753328862531
68,35,4.7258256229728,0,-0.00761519373462091,0.0252781325267657,0.0270485241701473,-0.0194685682015311,-0.0830405115745226,0.0600379244752809,-0.110563995550526,-0.286323158330715,-0.0971742135122702,0.824908774259815,-1.92034047522921
68,56,4.60116333248074,0,0.0328480309200759,0.0140727054306013,0.0403181997604893,-0.0477022413793991,-0.0398872412545268,-0.122563666022507,0.0131593437459063,0.27681903564983,-0.30194676746832,-0.619920025403769,-2.22141756961811
69,22,3.52320110255152,0,0.0194094118668352,-0.0240453564215517,-0.00453025790526206,0.0374941272807834,0.0845612726104022,-0.101973619379764,-0.0429241273650501,0.137377693697456,0.453411306518356,0.810483373642474,-0.290000967453017
69,26,3.9914587839411,0,0.0162904723658411,-0.0331759925887876,-0.0403022053001087,-0.0181996368939044,0.0437083673990392,-0.122504103576414,-0.148462301103792,-0.0189403527925764,0.352933696784279,0.936954564811656,-0.883430903885456
69,36,4.55646319579829,0,0.00473988590692551,0.0160174400957016,0.0345623279701267,-0.0012150053753285,-0.077444480885555,0.0813459276540865,-0.0821202498048911,-0.292551450147429,-0.151542234558066,0.781191929495596,-2.00558880590623
70,20,3.72816723995226,0,0.00379508596686545,0.00288586402727218,0.0246359214962373,0.0556472391029298,0.077868361715489,-0.0629229385521969,0.021518724852935,0.200103860777984,0.466823021962634,0.707565712693457,0.0309109040189016
70,47,4.49488666182513,0,-0.0344598007097492,-0.00340890260479752,-0.0491134628025585,0.00730135277835932,0.087847152609394,0.0124682702044796,0.185377648576518,-0.0209650410908403,-0.510794605873425,0.0395484124448788,-2.48528654475653
71,24,3.12459582478773,0,0.0259198156514928,-0.0397478281932356,-0.0296131010388037,0.0111264087595252,0.073717925278402,-0.124160885049739,-0.10237631133356,0.0624414215895041,0.414967711301162,0.887470635336606,-0.595393997439522
71,29,3.77414797878263,0,-0.0144034362116381,0.00380997662579353,-0.0304914149602663,-0.0537092039149748,-0.0200331924178054,-0.0814906390228564,-0.183970742694785,-0.138583675228428,0.224542592837674,0.959435651065274,-1.2792408153894
71,39,4.66587577862326,0,0.0328480309200758,-0.0140727054306012,0.0403181997604894,0.0477022413793989,-0.0398872412545269,0.122563666022507,0.0131593437459066,-0.276819035649829,-0.301946767468321,0.619920025403765,-2.22141756961814
72,38,4.72700748405091,0,0.0265954623275338,-0.00484222802313038,0.0418667112859702,0.0339068820377845,-0.0553933146313202,0.113559723121545,-0.0192769089347984,-0.287888463514926,-0.254633193208476,0.678358347526286,-2.15626697301891
73,26,3.98695760669141,0,0.0162904723658411,-0.0331759925887876,-0.0403022053001087,-0.0181996368939044,0.0437083673990392,-0.122504103576414,-0.148462301103792,-0.0189403527925764,0.352933696784279,0.936954564811656,-0.883430903885456
73,31,4.27607726501825,0,-0.029323103388456,0.0275127256836963,-0.0131535929050171,-0.0617734435065777,-0.058568948977943,-0.0377141892765196,-0.181859112551002,-0.206594213707473,0.122689458110599,0.940590229179833,-1.51655766499538
73,41,4.67182551410185,0,0.028855653557907,-0.0246813746083633,0.0241050114919509,0.0607415081662378,-0.00247834236567256,0.122140375196612,0.0752361474092111,-0.237010769119834,-0.384702562808512,0.490746919942255,-2.33066980575426
74,10,0.427601587594341,0,0.00517653591686287,-0.0130509900507112,-0.0260983603765224,-0.0462987359790849,-0.0747157355226853,0.110655943298894,0.149590741209299,0.177002027306173,0.146083574737721,-0.126516723461356,1.80438593059995
74,17,2.47889230813537,0,-0.0175281132457116,0.0351901923533376,0.0504430837423709,0.0563012015190211,0.0411828991727927,0.00924633805380769,0.107964892480869,0.258933770077016,0.43758985942118,0.508429919415252,0.537316845941477
74,31,4.54660115214856,0,-0.029323103388456,0.0275127256836963,-0.0131535929050171,-0.0617734435065777,-0.058568948977943,-0.0377141892765196,-0.181859112551002,-0.206594213707473,0.122689458110599,0.940590229179833,-1.51655766499538
75,30,4.24044933220813,0,-0.0233548035172179,0.0168467323663174,-0.0225334971397108,-0.0598712325897199,-0.0406375864684516,-0.0607161145584155,-0.185685420856133,-0.174343184607455,0.174824448263867,0.953358132428431,-1.40069159799736
75,34,4.36962292610462,0,-0.0187565155393157,0.0321803983520639,0.0178530396363594,-0.0361352336106336,-0.0843841325124078,0.0365304172582186,-0.135713563207385,-0.274507109369277,-0.0418640735492609,0.863040044822033,-1.82867213969603
75,44,4.80077162489694,0,-0.00604196462147821,-0.0208416475791202,-0.0191713223749332,0.0458516113019862,0.055282347571012,0.0811321779757237,0.149786463089955,-0.141288400703408,-0.472958355206902,0.273241588369366,-2.4408166411247
76,43,3.6291040150949,0,0.00718632091632387,-0.0242072577550441,-0.00420437462032443,0.0544453361198155,0.0373131271752185,0.0990450458639579,0.128340856338787,-0.176970612105117,-0.448736093815938,0.348227214693642,-2.41133261322405
77,23,2.83295411596348,0,0.0243502652693948,-0.0341329403525164,-0.0183134782872001,0.0250178562073634,0.0815097565934844,-0.115690197625332,-0.0738333561281126,0.101082523789185,0.437249466420411,0.852328595732064,-0.444753328862531
77,28,3.49953932194836,0,-0.00387486126624774,-0.0099626542832893,-0.036474241902984,-0.0441409000373912,0.00183325201579327,-0.0992431922763389,-0.177003229236151,-0.100184294307921,0.271217666202214,0.958765651641,-1.15241039016946
77,40,4.355056906055,0,0.033823117762825,-0.0209268325273408,0.0344128295779367,0.0569417102101085,-0.0220277917357052,0.12556691851085,0.0449634858828777,-0.25980674703785,-0.345500046034614,0.557253199225219,-2.27958980564067
78,36,3.88833027807075,0,0.00473988590692551,0.0160174400957016,0.0345623279701267,-0.0012150053753285,-0.077444480885555,0.0813459276540865,-0.0821202498048911,-0.292551450147429,-0.151542234558066,0.781191929495596,-2.00558880590623
78,43,4.54544409858162,0,0.00718632091632387,-0.0242072577550441,-0.00420437462032443,0.0544453361198155,0.0373131271752185,0.0990450458639579,0.128340856338787,-0.176970612105117,-0.448736093815938,0.348227214693642,-2.41133261322405
79,30,3.23019891879436,0,-0.0233548035172179,0.0168467323663174,-0.0225334971397108,-0.0598712325897199,-0.0406375864684516,-0.0607161145584155,-0.185685420856133,-0.174343184607455,0.174824448263867,0.953358132428431,-1.40069159799736
79,37,4.11142021399149,0,0.0166847592920637,0.00558257019902008,0.0397249055156252,0.0170889722453261,-0.0680705715397419,0.0995035021007899,-0.0513639971923564,-0.293102910111479,-0.204263455014263,0.732228718070658,-2.08427751180887
80,31,4.54832401592183,0,-0.029323103388456,0.0275127256836963,-0.0131535929050171,-0.0617734435065777,-0.058568948977943,-0.0377141892765196,-0.181859112551002,-0.206594213707473,0.122689458110599,0.940590229179833,-1.51655766499538
80,36,4.77420153356929,0,0.00473988590692551,0.0160174400957016,0.0345623279701267,-0.0012150053753285,-0.077444480885555,0.0813459276540865,-0.0821202498048911,-0.292551450147429,-0.151542234558066,0.781191929495596,-2.00558880590623
80,51,4.97151913596237,0,-0.00604196462147845,0.0208416475791201,-0.0191713223749335,-0.045851611301986,0.0552823475710122,-0.081132177975724,0.149786463089955,0.141288400703409,-0.472958355206901,-0.27324158836937,-2.44081664112469
81,41,4.75463209471575,0,0.028855653557907,-0.0246813746083633,0.0241050114919509,0.0607415081662378,-0.00247834236567256,0.122140375196612,0.0752361474092111,-0.237010769119834,-0.384702562808512,0.490746919942255,-2.33066980575426
82,35,4.27127995221694,0,-0.00761519373462091,0.0252781325267657,0.0270485241701473,-0.0194685682015311,-0.0830405115745226,0.0600379244752809,-0.110563995550526,-0.286323158330715,-0.0971742135122702,0.824908774259815,-1.92034047522921
82,80,4.78511388258574,0,-0.0190316301438684,-0.0342816401182685,0.0410738168000756,-0.0333375102171921,0.00383212359950211,-0.0546270672649236,0.146447733224735,-0.267119363124756,0.384015625746831,-0.348531091305719,0.888924022987243
83,34,4.10383996630534,0,-0.0187565155393157,0.0321803983520639,0.0178530396363594,-0.0361352336106336,-0.0843841325124078,0.0365304172582186,-0.135713563207385,-0.274507109369277,-0.0418640735492609,0.863040044822033,-1.82867213969603
84,30,4.30961095886755,0,-0.0233548035172179,0.0168467323663174,-0.0225334971397108,-0.0598712325897199,-0.0406375864684516,-0.0607161145584155,-0.185685420856133,-0.174343184607455,0.174824448263867,0.953358132428431,-1.40069159799736
84,37,4.64360558422521,0,0.0166847592920637,0.00558257019902008,0.0397249055156252,0.0170889722453261,-0.0680705715397419,0.0995035021007899,-0.0513639971923564,-0.293102910111479,-0.204263455014263,0.732228718070658,-2.08427751180887
85,39,4.60490980034609,0,0.0328480309200758,-0.0140727054306012,0.0403181997604894,0.0477022413793989,-0.0398872412545269,0.122563666022507,0.0131593437459066,-0.276819035649829,-0.301946767468321,0.619920025403765,-2.22141756961814
86,33,4.22719569755055,0,-0.0270601154138988,0.0355399884314474,0.00764541988943551,-0.0496785189799881,-0.0810008126049735,0.0117743306967455,-0.156587281553592,-0.257192377971053,0.0136835036585772,0.895246533640965,-1.7307234192249
86,37,4.66041633593547,0,0.0166847592920637,0.00558257019902008,0.0397249055156252,0.0170889722453261,-0.0680705715397419,0.0995035021007899,-0.0513639971923564,-0.293102910111479,-0.204263455014263,0.732228718070658,-2.08427751180887
86,47,4.70114706313768,0,-0.0344598007097492,-0.00340890260479752,-0.0491134628025585,0.00730135277835932,0.087847152609394,0.0124682702044796,0.185377648576518,-0.0209650410908403,-0.510794605873425,0.0395484124448788,-2.48528654475653
87,24,3.70255582280214,0,0.0259198156514928,-0.0397478281932356,-0.0296131010388037,0.0111264087595252,0.073717925278402,-0.124160885049739,-0.10237631133356,0.0624414215895041,0.414967711301162,0.887470635336606,-0.595393997439522
87,31,4.24919699214643,0,-0.029323103388456,0.0275127256836963,-0.0131535929050171,-0.0617734435065777,-0.058568948977943,-0.0377141892765196,-0.181859112551002,-0.206594213707473,0.122689458110599,0.940590229179833,-1.51655766499538
87,38,4.50760999883631,0,0.0265954623275338,-0.00484222802313038,0.0418667112859702,0.0339068820377845,-0.0553933146313202,0.113559723121545,-0.0192769089347984,-0.287888463514926,-0.254633193208476,0.678358347526286,-2.15626697301891
88,20,3.35304090970593,0,0.00379508596686545,0.00288586402727218,0.0246359214962373,0.0556472391029298,0.077868361715489,-0.0629229385521969,0.021518724852935,0.200103860777984,0.466823021962634,0.707565712693457,0.0309109040189016
88,26,4.10404981581136,0,0.0162904723658411,-0.0331759925887876,-0.0403022053001087,-0.0181996368939044,0.0437083673990392,-0.122504103576414,-0.148462301103792,-0.0189403527925764,0.352933696784279,0.936954564811656,-0.883430903885456
88,36,4.84678349247879,0,0.00473988590692551,0.0160174400957016,0.0345623279701267,-0.0012150053753285,-0.077444480885555,0.0813459276540865,-0.0821202498048911,-0.292551450147429,-0.151542234558066,0.781191929495596,-2.00558880590623
89,19,3.09325672001581,0,-0.00468774154727752,0.0163984827032105,0.0370933533891088,0.060047129250937,0.0688364362865308,-0.0396489100337207,0.0528151353173652,0.225121670019343,0.463796787465123,0.646934439176685,0.196606449158969
89,38,4.42419152984286,0,0.0265954623275338,-0.00484222802313038,0.0418667112859702,0.0339068820377845,-0.0553933146313202,0.113559723121545,-0.0192769089347984,-0.287888463514926,-0.254633193208476,0.678358347526286,-2.15626697301891
90,31,4.2739556201049,0,-0.029323103388456,0.0275127256836963,-0.0131535929050171,-0.0617734435065777,-0.058568948977943,-0.0377141892765196,-0.181859112551002,-0.206594213707473,0.122689458110599,0.940590229179833,-1.51655766499538
90,48,4.87211584154254,0,-0.0344598007097492,0.00340890260479741,-0.0491134628025586,-0.00730135277835896,0.0878471526093941,-0.01246827020448,0.185377648576518,0.020965041090841,-0.510794605873425,-0.0395484124448833,-2.48528654475653
91,17,2.61718047117945,0,-0.0175281132457116,0.0351901923533376,0.0504430837423709,0.0563012015190211,0.0411828991727927,0.00924633805380769,0.107964892480869,0.258933770077016,0.43758985942118,0.508429919415252,0.537316845941477
91,19,2.52483007307522,0,-0.00468774154727752,0.0163984827032105,0.0370933533891088,0.060047129250937,0.0688364362865308,-0.0396489100337207,0.0528151353173652,0.225121670019343,0.463796787465123,0.646934439176685,0.196606449158969
91,24,3.72441492671927,0,0.0259198156514928,-0.0397478281932356,-0.0296131010388037,0.0111264087595252,0.073717925278402,-0.124160885049739,-0.10237631133356,0.0624414215895041,0.414967711301162,0.887470635336606,-0.595393997439522
92,23,3.66067668854782,0,0.0243502652693948,-0.0341329403525164,-0.0183134782872001,0.0250178562073634,0.0815097565934844,-0.115690197625332,-0.0738333561281126,0.101082523789185,0.437249466420411,0.852328595732064,-0.444753328862531
92,25,3.92228062348769,0,0.0231155114634777,-0.039346925476031,-0.0370411328271169,-0.0035337627380991,0.060895076032282,-0.126423320836,-0.12746518876845,0.0221669903272039,0.386722202742196,0.91569921050786,-0.74169198881731
92,34,4.72804630827377,0,-0.0187565155393157,0.0321803983520639,0.0178530396363594,-0.0361352336106336,-0.0843841325124078,0.0365304172582186,-0.135713563207385,-0.274507109369277,-0.0418640735492609,0.863040044822033,-1.82867213969603
93,42,4.68536610138781,0,0.0193977907925961,-0.0256310082245281,0.0107268400472504,0.0596590092720197,0.0176807639004795,0.113007097959284,0.10325967766986,-0.209138396193091,-0.419216037542714,0.420900291824834,-2.37460053819131
94,40,4.8046789884927,0,0.033823117762825,-0.0209268325273408,0.0344128295779367,0.0569417102101085,-0.0220277917357052,0.12556691851085,0.0449634858828777,-0.25980674703785,-0.345500046034614,0.557253199225219,-2.27958980564067
95,18,3.04395695795564,0,-0.0121605821153477,0.0277217617855525,0.046183328658935,0.0604779418230873,0.0564891985251532,-0.0152491388211319,0.0820033933584254,0.244967171107503,0.454098418258612,0.580482313860174,0.365485757286884
95,20,3.25677607358604,0,0.00379508596686545,0.00288586402727218,0.0246359214962373,0.0556472391029298,0.077868361715489,-0.0629229385521969,0.021518724852935,0.200103860777984,0.466823021962634,0.707565712693457,0.0309109040189016
95,24,4.09455493144816,0,0.0259198156514928,-0.0397478281932356,-0.0296131010388037,0.0111264087595252,0.073717925278402,-0.124160885049739,-0.10237631133356,0.0624414215895041,0.414967711301162,0.887470635336606,-0.595393997439522
96,20,2.94856353733768,0,0.00379508596686545,0.00288586402727218,0.0246359214962373,0.0556472391029298,0.077868361715489,-0.0629229385521969,0.021518724852935,0.200103860777984,0.466823021962634,0.707565712693457,0.0309109040189016
96,30,4.07126368797269,0,-0.0233548035172179,0.0168467323663174,-0.0225334971397108,-0.0598712325897199,-0.0406375864684516,-0.0607161145584155,-0.185685420856133,-0.174343184607455,0.174824448263867,0.953358132428431,-1.40069159799736
97,20,2.2802905785883,0,0.00379508596686545,0.00288586402727218,0.0246359214962373,0.0556472391029298,0.077868361715489,-0.0629229385521969,0.021518724852935,0.200103860777984,0.466823021962634,0.707565712693457,0.0309109040189016
97,25,3.31400646359337,0,0.0231155114634777,-0.039346925476031,-0.0370411328271169,-0.0035337627380991,0.060895076032282,-0.126423320836,-0.12746518876845,0.0221669903272039,0.386722202742196,0.91569921050786,-0.74169198881731
97,50,4.89398264667062,0,-0.0185502743713789,0.0159657020759651,-0.0326566930807357,-0.0346289574108928,0.0704520252003276,-0.0601464533596725,0.166903277597324,0.102872745835462,-0.491578445294325,-0.196457312672693,-2.46300323216551
98,25,3.63375309343855,0,0.0231155114634777,-0.039346925476031,-0.0370411328271169,-0.0035337627380991,0.060895076032282,-0.126423320836,-0.12746518876845,0.0221669903272039,0.386722202742196,0.91569921050786,-0.74169198881731
98,35,4.76536401907416,0,-0.00761519373462091,0.0252781325267657,0.0270485241701473,-0.0194685682015311,-0.0830405115745226,0.0600379244752809,-0.110563995550526,-0.286323158330715,-0.0971742135122702,0.824908774259815,-1.92034047522921
99,27,4.80860433691812,0,0.00682506152442232,-0.022836273106345,-0.0399288735041646,-0.0320198635120181,0.0235507656741422,-0.113179203925359,-0.165071031649423,-0.0600136505834606,0.314223442727684,0.951291000706248,-1.02040539533549
100,17,2.57162496672921,0,-0.0175281132457116,0.0351901923533376,0.0504430837423709,0.0563012015190211,0.0411828991727927,0.00924633805380769,0.107964892480869,0.258933770077016,0.43758985942118,0.508429919415252,0.537316845941477
100,44,4.66032778573018,0,-0.00604196462147821,-0.0208416475791202,-0.0191713223749332,0.0458516113019862,0.055282347571012,0.0811321779757237,0.149786463089955,-0.141288400703408,-0.472958355206902,0.273241588369366,-2.4408166411247
101,21,3.59609013024089,0,0.0121925779354475,-0.011150585321302,0.0102737965436654,0.0479167466794254,0.0832287240705916,-0.0840411873447987,-0.0107672315396188,0.170620337348872,0.463315176673071,0.762155551739162,-0.13136889567215
102,72,4.6627916848981,0,0.0243502652693948,0.0341329403525164,-0.0183134782872002,-0.0250178562073632,0.0815097565934845,0.115690197625332,-0.0738333561281121,-0.101082523789185,0.437249466420412,-0.852328595732065,-0.444753328862459
103,25,3.6516135306982,0,0.0231155114634777,-0.039346925476031,-0.0370411328271169,-0.0035337627380991,0.060895076032282,-0.126423320836,-0.12746518876845,0.0221669903272039,0.386722202742196,0.91569921050786,-0.74169198881731
103,35,4.82668980101998,0,-0.00761519373462091,0.0252781325267657,0.0270485241701473,-0.0194685682015311,-0.0830405115745226,0.0600379244752809,-0.110563995550526,-0.286323158330715,-0.0971742135122702,0.824908774259815,-1.92034047522921
104,27,4.77585037723098,0,0.00682506152442232,-0.022836273106345,-0.0399288735041646,-0.0320198635120181,0.0235507656741422,-0.113179203925359,-0.165071031649423,-0.0600136505834606,0.314223442727684,0.951291000706248,-1.02040539533549
105,17,2.52806840977569,0,-0.0175281132457116,0.0351901923533376,0.0504430837423709,0.0563012015190211,0.0411828991727927,0.00924633805380769,0.107964892480869,0.258933770077016,0.43758985942118,0.508429919415252,0.537316845941477
105,44,4.66918965222711,0,-0.00604196462147821,-0.0208416475791202,-0.0191713223749332,0.0458516113019862,0.055282347571012,0.0811321779757237,0.149786463089955,-0.141288400703408,-0.472958355206902,0.273241588369366,-2.4408166411247
106,21,3.61031163452424,0,0.0121925779354475,-0.011150585321302,0.0102737965436654,0.0479167466794254,0.0832287240705916,-0.0840411873447987,-0.0107672315396188,0.170620337348872,0.463315176673071,0.762155551739162,-0.13136889567215
107,21,3.11677126372701,0,0.0121925779354475,-0.011150585321302,0.0102737965436654,0.0479167466794254,0.0832287240705916,-0.0840411873447987,-0.0107672315396188,0.170620337348872,0.463315176673071,0.762155551739162,-0.13136889567215
107,28,4.15618527438721,0,-0.00387486126624774,-0.0099626542832893,-0.036474241902984,-0.0441409000373912,0.00183325201579327,-0.0992431922763389,-0.177003229236151,-0.100184294307921,0.271217666202214,0.958765651641,-1.15241039016946
108,17,2.54108798664287,0,-0.0175281132457116,0.0351901923533376,0.0504430837423709,0.0563012015190211,0.0411828991727927,0.00924633805380769,0.107964892480869,0.258933770077016,0.43758985942118,0.508429919415252,0.537316845941477
108,21,3.07556125680558,0,0.0121925779354475,-0.011150585321302,0.0102737965436654,0.0479167466794254,0.0832287240705916,-0.0840411873447987,-0.0107672315396188,0.170620337348872,0.463315176673071,0.762155551739162,-0.13136889567215
108,31,4.45513710549457,0,-0.029323103388456,0.0275127256836963,-0.0131535929050171,-0.0617734435065777,-0.058568948977943,-0.0377141892765196,-0.181859112551002,-0.206594213707473,0.122689458110599,0.940590229179833,-1.51655766499538
109,19,3.1960256763167,0,-0.00468774154727752,0.0163984827032105,0.0370933533891088,0.060047129250937,0.0688364362865308,-0.0396489100337207,0.0528151353173652,0.225121670019343,0.463796787465123,0.646934439176685,0.196606449158969
109,33,4.40665471854435,0,-0.0270601154138988,0.0355399884314474,0.00764541988943551,-0.0496785189799881,-0.0810008126049735,0.0117743306967455,-0.156587281553592,-0.257192377971053,0.0136835036585772,0.895246533640965,-1.7307234192249
109,49,4.49967946350988,0,-0.0286018168839463,0.0100109456247879,-0.0431431766018908,-0.0215284970388967,0.0816857601756324,-0.0369658310808942,0.178998079534858,0.062504631348774,-0.504291987656927,-0.118388287424303,-2.47784299661871
110,24,3.49498773754958,0,0.0259198156514928,-0.0397478281932356,-0.0296131010388037,0.0111264087595252,0.073717925278402,-0.124160885049739,-0.10237631133356,0.0624414215895041,0.414967711301162,0.887470635336606,-0.595393997439522
110,35,4.60262702585622,0,-0.00761519373462091,0.0252781325267657,0.0270485241701473,-0.0194685682015311,-0.0830405115745226,0.0600379244752809,-0.110563995550526,-0.286323158330715,-0.0971742135122702,0.824908774259815,-1.92034047522921
110,51,4.83386693198363,0,-0.00604196462147845,0.0208416475791201,-0.0191713223749335,-0.045851611301986,0.0552823475710122,-0.081132177975724,0.149786463089955,0.141288400703409,-0.472958355206901,-0.27324158836937,-2.44081664112469
111,27,3.75174317313282,0,0.00682506152442232,-0.022836273106345,-0.0399288735041646,-0.0320198635120181,0.0235507656741422,-0.113179203925359,-0.165071031649423,-0.0600136505834606,0.314223442727684,0.951291000706248,-1.02040539533549
111,34,4.3925807318974,0,-0.0187565155393157,0.0321803983520639,0.0178530396363594,-0.0361352336106336,-0.0843841325124078,0.0365304172582186,-0.135713563207385,-0.274507109369277,-0.0418640735492609,0.863040044822033,-1.82867213969603
112,21,2.63492030543682,0,0.0121925779354475,-0.011150585321302,0.0102737965436654,0.0479167466794254,0.0832287240705916,-0.0840411873447987,-0.0107672315396188,0.170620337348872,0.463315176673071,0.762155551739162,-0.13136889567215
112,23,3.0868110689583,0,0.0243502652693948,-0.0341329403525164,-0.0183134782872001,0.0250178562073634,0.0815097565934844,-0.115690197625332,-0.0738333561281126,0.101082523789185,0.437249466420411,0.852328595732064,-0.444753328862531
112,30,4.11157285023979,0,-0.0233548035172179,0.0168467323663174,-0.0225334971397108,-0.0598712325897199,-0.0406375864684516,-0.0607161145584155,-0.185685420856133,-0.174343184607455,0.174824448263867,0.953358132428431,-1.40069159799736
113,22,3.9567328291448,0,0.0194094118668352,-0.0240453564215517,-0.00453025790526206,0.0374941272807834,0.0845612726104022,-0.101973619379764,-0.0429241273650501,0.137377693697456,0.453411306518356,0.810483373642474,-0.290000967453017
113,28,4.46764165445682,0,-0.00387486126624774,-0.0099626542832893,-0.036474241902984,-0.0441409000373912,0.00183325201579327,-0.0992431922763389,-0.177003229236151,-0.100184294307921,0.271217666202214,0.958765651641,-1.15241039016946
113,38,4.97817108177097,0,0.0265954623275338,-0.00484222802313038,0.0418667112859702,0.0339068820377845,-0.0553933146313202,0.113559723121545,-0.0192769089347984,-0.287888463514926,-0.254633193208476,0.678358347526286,-2.15626697301891
114,45,4.95428623886887,0,-0.0185502743713787,-0.0159657020759652,-0.0326566930807354,0.0346289574108931,0.0704520252003274,0.0601464533596722,0.166903277597324,-0.102872745835461,-0.491578445294326,0.196457312672689,-2.46300323216552
115,25,4.13519242669592,0,0.0231155114634777,-0.039346925476031,-0.0370411328271169,-0.0035337627380991,0.060895076032282,-0.126423320836,-0.12746518876845,0.0221669903272039,0.386722202742196,0.91569921050786,-0.74169198881731
115,31,4.4663643093895,0,-0.029323103388456,0.0275127256836963,-0.0131535929050171,-0.0617734435065777,-0.058568948977943,-0.0377141892765196,-0.181859112551002,-0.206594213707473,0.122689458110599,0.940590229179833,-1.51655766499538
115,39,4.62103921659661,0,0.0328480309200758,-0.0140727054306012,0.0403181997604894,0.0477022413793989,-0.0398872412545269,0.122563666022507,0.0131593437459066,-0.276819035649829,-0.301946767468321,0.619920025403765,-2.22141756961814
116,23,3.65605169548536,0,0.0243502652693948,-0.0341329403525164,-0.0183134782872001,0.0250178562073634,0.0815097565934844,-0.115690197625332,-0.0738333561281126,0.101082523789185,0.437249466420411,0.852328595732064,-0.444753328862531
116,33,4.56161858223869,0,-0.0270601154138988,0.0355399884314474,0.00764541988943551,-0.0496785189799881,-0.0810008126049735,0.0117743306967455,-0.156587281553592,-0.257192377971053,0.0136835036585772,0.895246533640965,-1.7307234192249
117,20,3.48629340220858,0,0.00379508596686545,0.00288586402727218,0.0246359214962373,0.0556472391029298,0.077868361715489,-0.0629229385521969,0.021518724852935,0.200103860777984,0.466823021962634,0.707565712693457,0.0309109040189016
117,34,4.63170837039993,0,-0.0187565155393157,0.0321803983520639,0.0178530396363594,-0.0361352336106336,-0.0843841325124078,0.0365304172582186,-0.135713563207385,-0.274507109369277,-0.0418640735492609,0.863040044822033,-1.82867213969603
117,48,4.90287317163372,0,-0.0344598007097492,0.00340890260479741,-0.0491134628025586,-0.00730135277835896,0.0878471526093941,-0.01246827020448,0.185377648576518,0.020965041090841,-0.510794605873425,-0.0395484124448833,-2.48528654475653
118,35,4.2586551585294,0,-0.00761519373462091,0.0252781325267657,0.0270485241701473,-0.0194685682015311,-0.0830405115745226,0.0600379244752809,-0.110563995550526,-0.286323158330715,-0.0971742135122702,0.824908774259815,-1.92034047522921
118,54,4.81421855635136,0,0.0288556535579068,0.0246813746083634,0.0241050114919506,-0.0607415081662378,-0.00247834236567238,-0.122140375196612,0.0752361474092107,0.237010769119835,-0.384702562808511,-0.490746919942259,-2.33066980575424
119,72,5.03244887572411,0,0.0243502652693948,0.0341329403525164,-0.0183134782872002,-0.0250178562073632,0.0815097565934845,0.115690197625332,-0.0738333561281121,-0.101082523789185,0.437249466420412,-0.852328595732065,-0.444753328862459
120,60,4.60608670413695,0,-0.00761519373462073,-0.0252781325267656,0.0270485241701474,0.0194685682015307,-0.0830405115745227,-0.0600379244752807,-0.110563995550526,0.286323158330716,-0.0971742135122688,-0.824908774259819,-1.92034047522917
120,66,4.73961380747948,0,-0.0144034362116383,-0.00380997662579372,-0.0304914149602661,0.0537092039149749,-0.0200331924178057,0.0814906390228569,-0.183970742694785,0.138583675228428,0.224542592837675,-0.959435651065276,-1.27924081538934
120,75,4.84519342633523,0,0.00379508596686548,-0.00288586402727207,0.0246359214962371,-0.0556472391029297,0.0778683617154892,0.062922938552197,0.0215187248529352,-0.200103860777984,0.466823021962634,-0.707565712693457,0.0309109040189794
121,30,4.54292203226479,0,-0.0233548035172179,0.0168467323663174,-0.0225334971397108,-0.0598712325897199,-0.0406375864684516,-0.0607161145584155,-0.185685420856133,-0.174343184607455,0.174824448263867,0.953358132428431,-1.40069159799736
122,35,4.41754913428863,0,-0.00761519373462091,0.0252781325267657,0.0270485241701473,-0.0194685682015311,-0.0830405115745226,0.0600379244752809,-0.110563995550526,-0.286323158330715,-0.0971742135122702,0.824908774259815,-1.92034047522921
122,51,4.89617615140433,0,-0.00604196462147845,0.0208416475791201,-0.0191713223749335,-0.045851611301986,0.0552823475710122,-0.081132177975724,0.149786463089955,0.141288400703409,-0.472958355206901,-0.27324158836937,-2.44081664112469
123,36,4.63500958220983,0,0.00473988590692551,0.0160174400957016,0.0345623279701267,-0.0012150053753285,-0.077444480885555,0.0813459276540865,-0.0821202498048911,-0.292551450147429,-0.151542234558066,0.781191929495596,-2.00558880590623
124,25,2.50208897627115,0,0.0231155114634777,-0.039346925476031,-0.0370411328271169,-0.0035337627380991,0.060895076032282,-0.126423320836,-0.12746518876845,0.0221669903272039,0.386722202742196,0.91569921050786,-0.74169198881731
124,29,3.24828929113776,0,-0.0144034362116381,0.00380997662579353,-0.0304914149602663,-0.0537092039149748,-0.0200331924178054,-0.0814906390228564,-0.183970742694785,-0.138583675228428,0.224542592837674,0.959435651065274,-1.2792408153894
124,40,4.42824051230307,0,0.033823117762825,-0.0209268325273408,0.0344128295779367,0.0569417102101085,-0.0220277917357052,0.12556691851085,0.0449634858828777,-0.25980674703785,-0.345500046034614,0.557253199225219,-2.27958980564067
125,17,2.51294451273127,1,-0.0175281132457116,0.0351901923533376,0.0504430837423709,0.0563012015190211,0.0411828991727927,0.00924633805380769,0.107964892480869,0.258933770077016,0.43758985942118,0.508429919415252,0.537316845941477
125,24,3.70874377352802,1,0.0259198156514928,-0.0397478281932356,-0.0296131010388037,0.0111264087595252,0.073717925278402,-0.124160885049739,-0.10237631133356,0.0624414215895041,0.414967711301162,0.887470635336606,-0.595393997439522
125,31,4.52141739112319,1,-0.029323103388456,0.0275127256836963,-0.0131535929050171,-0.0617734435065777,-0.058568948977943,-0.0377141892765196,-0.181859112551002,-0.206594213707473,0.122689458110599,0.940590229179833,-1.51655766499538
126,20,3.51014909196482,1,0.00379508596686545,0.00288586402727218,0.0246359214962373,0.0556472391029298,0.077868361715489,-0.0629229385521969,0.021518724852935,0.200103860777984,0.466823021962634,0.707565712693457,0.0309109040189016
126,24,3.95022119603749,1,0.0259198156514928,-0.0397478281932356,-0.0296131010388037,0.0111264087595252,0.073717925278402,-0.124160885049739,-0.10237631133356,0.0624414215895041,0.414967711301162,0.887470635336606,-0.595393997439522
126,34,4.79929263960849,1,-0.0187565155393157,0.0321803983520639,0.0178530396363594,-0.0361352336106336,-0.0843841325124078,0.0365304172582186,-0.135713563207385,-0.274507109369277,-0.0418640735492609,0.863040044822033,-1.82867213969603
127,16,2.34264646820562,1,-0.0197952785807876,0.0373011602848168,0.0485776596235408,0.0469992683197215,0.023322633780704,0.0328227256752861,0.129629907960796,0.266363818497749,0.414162176132372,0.431006351234555,0.711868935850135
127,20,4.25203168084484,1,0.00379508596686545,0.00288586402727218,0.0246359214962373,0.0556472391029298,0.077868361715489,-0.0629229385521969,0.021518724852935,0.200103860777984,0.466823021962634,0.707565712693457,0.0309109040189016
127,41,5.0515878269396,1,0.028855653557907,-0.0246813746083633,0.0241050114919509,0.0607415081662378,-0.00247834236567256,0.122140375196612,0.0752361474092111,-0.237010769119834,-0.384702562808512,0.490746919942255,-2.33066980575426
128,18,1.92906169667525,1,-0.0121605821153477,0.0277217617855525,0.046183328658935,0.0604779418230873,0.0564891985251532,-0.0152491388211319,0.0820033933584254,0.244967171107503,0.454098418258612,0.580482313860174,0.365485757286884
128,22,2.10495616672886,1,0.0194094118668352,-0.0240453564215517,-0.00453025790526206,0.0374941272807834,0.0845612726104022,-0.101973619379764,-0.0429241273650501,0.137377693697456,0.453411306518356,0.810483373642474,-0.290000967453017
129,22,2.18004571631905,1,0.0194094118668352,-0.0240453564215517,-0.00453025790526206,0.0374941272807834,0.0845612726104022,-0.101973619379764,-0.0429241273650501,0.137377693697456,0.453411306518356,0.810483373642474,-0.290000967453017
129,26,2.2920576752438,1,0.0162904723658411,-0.0331759925887876,-0.0403022053001087,-0.0181996368939044,0.0437083673990392,-0.122504103576414,-0.148462301103792,-0.0189403527925764,0.352933696784279,0.936954564811656,-0.883430903885456
130,22,3.7152104670266,1,0.0194094118668352,-0.0240453564215517,-0.00453025790526206,0.0374941272807834,0.0845612726104022,-0.101973619379764,-0.0429241273650501,0.137377693697456,0.453411306518356,0.810483373642474,-0.290000967453017
130,25,3.6784572906982,1,0.0231155114634777,-0.039346925476031,-0.0370411328271169,-0.0035337627380991,0.060895076032282,-0.126423320836,-0.12746518876845,0.0221669903272039,0.386722202742196,0.91569921050786,-0.74169198881731
130,35,2.9184350408064,1,-0.00761519373462091,0.0252781325267657,0.0270485241701473,-0.0194685682015311,-0.0830405115745226,0.0600379244752809,-0.110563995550526,-0.286323158330715,-0.0971742135122702,0.824908774259815,-1.92034047522921
131,19,3.38206304628782,1,-0.00468774154727752,0.0163984827032105,0.0370933533891088,0.060047129250937,0.0688364362865308,-0.0396489100337207,0.0528151353173652,0.225121670019343,0.463796787465123,0.646934439176685,0.196606449158969
132,37,3.98470019358194,1,0.0166847592920637,0.00558257019902008,0.0397249055156252,0.0170889722453261,-0.0680705715397419,0.0995035021007899,-0.0513639971923564,-0.293102910111479,-0.204263455014263,0.732228718070658,-2.08427751180887
132,39,4.20515414710437,1,0.0328480309200758,-0.0140727054306012,0.0403181997604894,0.0477022413793989,-0.0398872412545269,0.122563666022507,0.0131593437459066,-0.276819035649829,-0.301946767468321,0.619920025403765,-2.22141756961814
132,41,4.24864120621808,1,0.028855653557907,-0.0246813746083633,0.0241050114919509,0.0607415081662378,-0.00247834236567256,0.122140375196612,0.0752361474092111,-0.237010769119834,-0.384702562808512,0.490746919942255,-2.33066980575426
132,56,3.48785385682921,1,0.0328480309200759,0.0140727054306013,0.0403181997604893,-0.0477022413793991,-0.0398872412545268,-0.122563666022507,0.0131593437459063,0.27681903564983,-0.30194676746832,-0.619920025403769,-2.22141756961811
133,31,2.01721334520709,1,-0.029323103388456,0.0275127256836963,-0.0131535929050171,-0.0617734435065777,-0.058568948977943,-0.0377141892765196,-0.181859112551002,-0.206594213707473,0.122689458110599,0.940590229179833,-1.51655766499538
134,20,2.83928273323012,1,0.00379508596686545,0.00288586402727218,0.0246359214962373,0.0556472391029298,0.077868361715489,-0.0629229385521969,0.021518724852935,0.200103860777984,0.466823021962634,0.707565712693457,0.0309109040189016
135,22,4.58883542783038,1,0.0194094118668352,-0.0240453564215517,-0.00453025790526206,0.0374941272807834,0.0845612726104022,-0.101973619379764,-0.0429241273650501,0.137377693697456,0.453411306518356,0.810483373642474,-0.290000967453017
136,40,2.87304711275898,1,0.033823117762825,-0.0209268325273408,0.0344128295779367,0.0569417102101085,-0.0220277917357052,0.12556691851085,0.0449634858828777,-0.25980674703785,-0.345500046034614,0.557253199225219,-2.27958980564067
136,46,1.68224285572986,1,-0.0286018168839462,-0.010010945624788,-0.0431431766018906,0.021528497038897,0.0816857601756323,0.0369658310808939,0.178998079534858,-0.0625046313487733,-0.504291987656927,0.118388287424298,-2.47784299661871
137,36,4.02093539813492,1,0.00473988590692551,0.0160174400957016,0.0345623279701267,-0.0012150053753285,-0.077444480885555,0.0813459276540865,-0.0821202498048911,-0.292551450147429,-0.151542234558066,0.781191929495596,-2.00558880590623
138,24,1.79077608598181,1,0.0259198156514928,-0.0397478281932356,-0.0296131010388037,0.0111264087595252,0.073717925278402,-0.124160885049739,-0.10237631133356,0.0624414215895041,0.414967711301162,0.887470635336606,-0.595393997439522
139,22,2.25432636870708,1,0.0194094118668352,-0.0240453564215517,-0.00453025790526206,0.0374941272807834,0.0845612726104022,-0.101973619379764,-0.0429241273650501,0.137377693697456,0.453411306518356,0.810483373642474,-0.290000967453017
139,26,2.17048625343785,1,0.0162904723658411,-0.0331759925887876,-0.0403022053001087,-0.0181996368939044,0.0437083673990392,-0.122504103576414,-0.148462301103792,-0.0189403527925764,0.352933696784279,0.936954564811656,-0.883430903885456
140,20,3.32608481167099,1,0.00379508596686545,0.00288586402727218,0.0246359214962373,0.0556472391029298,0.077868361715489,-0.0629229385521969,0.021518724852935,0.200103860777984,0.466823021962634,0.707565712693457,0.0309109040189016
140,34,4.62182659697946,1,-0.0187565155393157,0.0321803983520639,0.0178530396363594,-0.0361352336106336,-0.0843841325124078,0.0365304172582186,-0.135713563207385,-0.274507109369277,-0.0418640735492609,0.863040044822033,-1.82867213969603
141,26,3.5550097063047,1,0.0162904723658411,-0.0331759925887876,-0.0403022053001087,-0.0181996368939044,0.0437083673990392,-0.122504103576414,-0.148462301103792,-0.0189403527925764,0.352933696784279,0.936954564811656,-0.883430903885456
142,39,4.14947117149902,1,0.0328480309200758,-0.0140727054306012,0.0403181997604894,0.0477022413793989,-0.0398872412545269,0.122563666022507,0.0131593437459066,-0.276819035649829,-0.301946767468321,0.619920025403765,-2.22141756961814
142,41,4.03656690643735,1,0.028855653557907,-0.0246813746083633,0.0241050114919509,0.0607415081662378,-0.00247834236567256,0.122140375196612,0.0752361474092111,-0.237010769119834,-0.384702562808512,0.490746919942255,-2.33066980575426
142,48,3.81877495996631,1,-0.0344598007097492,0.00340890260479741,-0.0491134628025586,-0.00730135277835896,0.0878471526093941,-0.01246827020448,0.185377648576518,0.020965041090841,-0.510794605873425,-0.0395484124448833,-2.48528654475653
143,22,3.16214846707636,1,0.0194094118668352,-0.0240453564215517,-0.00453025790526206,0.0374941272807834,0.0845612726104022,-0.101973619379764,-0.0429241273650501,0.137377693697456,0.453411306518356,0.810483373642474,-0.290000967453017
143,31,3.68921837194231,1,-0.029323103388456,0.0275127256836963,-0.0131535929050171,-0.0617734435065777,-0.058568948977943,-0.0377141892765196,-0.181859112551002,-0.206594213707473,0.122689458110599,0.940590229179833,-1.51655766499538
143,61,3.17385838320932,1,-0.0187565155393155,-0.0321803983520637,0.0178530396363596,0.0361352336106334,-0.0843841325124079,-0.0365304172582183,-0.135713563207385,0.274507109369277,-0.0418640735492596,-0.863040044822037,-1.82867213969599
144,19,2.44368694809702,1,-0.00468774154727752,0.0163984827032105,0.0370933533891088,0.060047129250937,0.0688364362865308,-0.0396489100337207,0.0528151353173652,0.225121670019343,0.463796787465123,0.646934439176685,0.196606449158969
144,21,2.74625907403755,1,0.0121925779354475,-0.011150585321302,0.0102737965436654,0.0479167466794254,0.0832287240705916,-0.0840411873447987,-0.0107672315396188,0.170620337348872,0.463315176673071,0.762155551739162,-0.13136889567215
144,27,3.52021749544897,1,0.00682506152442232,-0.022836273106345,-0.0399288735041646,-0.0320198635120181,0.0235507656741422,-0.113179203925359,-0.165071031649423,-0.0600136505834606,0.314223442727684,0.951291000706248,-1.02040539533549
144,31,3.57443871574847,1,-0.029323103388456,0.0275127256836963,-0.0131535929050171,-0.0617734435065777,-0.058568948977943,-0.0377141892765196,-0.181859112551002,-0.206594213707473,0.122689458110599,0.940590229179833,-1.51655766499538
144,35,3.979255812091,1,-0.00761519373462091,0.0252781325267657,0.0270485241701473,-0.0194685682015311,-0.0830405115745226,0.0600379244752809,-0.110563995550526,-0.286323158330715,-0.0971742135122702,0.824908774259815,-1.92034047522921
144,40,3.97357850775803,1,0.033823117762825,-0.0209268325273408,0.0344128295779367,0.0569417102101085,-0.0220277917357052,0.12556691851085,0.0449634858828777,-0.25980674703785,-0.345500046034614,0.557253199225219,-2.27958980564067
145,15,2.71228862934344,1,-0.0190316301438683,0.0342816401182685,0.0410738168000755,0.0333375102171919,0.00383212359950185,0.0546270672649233,0.146447733224735,0.267119363124755,0.384015625746831,0.34853109130572,0.888924022987158
145,21,2.37511183659406,1,0.0121925779354475,-0.011150585321302,0.0102737965436654,0.0479167466794254,0.0832287240705916,-0.0840411873447987,-0.0107672315396188,0.170620337348872,0.463315176673071,0.762155551739162,-0.13136889567215
146,29,3.11514606081862,1,-0.0144034362116381,0.00380997662579353,-0.0304914149602663,-0.0537092039149748,-0.0200331924178054,-0.0814906390228564,-0.183970742694785,-0.138583675228428,0.224542592837674,0.959435651065274,-1.2792408153894
146,45,4.7041612601209,1,-0.0185502743713787,-0.0159657020759652,-0.0326566930807354,0.0346289574108931,0.0704520252003274,0.0601464533596722,0.166903277597324,-0.102872745835461,-0.491578445294326,0.196457312672689,-2.46300323216552
146,53,4.69519749833425,1,0.0193977907925959,0.0256310082245281,0.0107268400472501,-0.0596590092720197,0.0176807639004797,-0.113007097959284,0.10325967766986,0.209138396193092,-0.419216037542713,-0.420900291824839,-2.37460053819129
147,80,2.31499313947589,1,-0.0190316301438684,-0.0342816401182685,0.0410738168000756,-0.0333375102171921,0.00383212359950211,-0.0546270672649236,0.146447733224735,-0.267119363124756,0.384015625746831,-0.348531091305719,0.888924022987243
148,14,2.40680752363383,1,-0.0159484670235272,0.0274012042774059,0.0294923381890122,0.0168546937982577,-0.0160522819965406,0.0739039622458622,0.158180526392794,0.261375723523939,0.347536846991487,0.261378106752066,1.06827180425929
149,25,2.15985972590198,1,0.0231155114634777,-0.039346925476031,-0.0370411328271169,-0.0035337627380991,0.060895076032282,-0.126423320836,-0.12746518876845,0.0221669903272039,0.386722202742196,0.91569921050786,-0.74169198881731
150,26,2.7075331030951,1,0.0162904723658411,-0.0331759925887876,-0.0403022053001087,-0.0181996368939044,0.0437083673990392,-0.122504103576414,-0.148462301103792,-0.0189403527925764,0.352933696784279,0.936954564811656,-0.883430903885456
151,18,2.86567945842707,1,-0.0121605821153477,0.0277217617855525,0.046183328658935,0.0604779418230873,0.0564891985251532,-0.0152491388211319,0.0820033933584254,0.244967171107503,0.454098418258612,0.580482313860174,0.365485757286884
151,35,3.82315000278795,1,-0.00761519373462091,0.0252781325267657,0.0270485241701473,-0.0194685682015311,-0.0830405115745226,0.0600379244752809,-0.110563995550526,-0.286323158330715,-0.0971742135122702,0.824908774259815,-1.92034047522921
151,50,4.0263485955469,1,-0.0185502743713789,0.0159657020759651,-0.0326566930807357,-0.0346289574108928,0.0704520252003276,-0.0601464533596725,0.166903277597324,0.102872745835462,-0.491578445294325,-0.196457312672693,-2.46300323216551
152,21,2.88765339984717,1,0.0121925779354475,-0.011150585321302,0.0102737965436654,0.0479167466794254,0.0832287240705916,-0.0840411873447987,-0.0107672315396188,0.170620337348872,0.463315176673071,0.762155551739162,-0.13136889567215
152,36,4.14371551344059,1,0.00473988590692551,0.0160174400957016,0.0345623279701267,-0.0012150053753285,-0.077444480885555,0.0813459276540865,-0.0821202498048911,-0.292551450147429,-0.151542234558066,0.781191929495596,-2.00558880590623
153,30,3.36334606080457,1,-0.0233548035172179,0.0168467323663174,-0.0225334971397108,-0.0598712325897199,-0.0406375864684516,-0.0607161145584155,-0.185685420856133,-0.174343184607455,0.174824448263867,0.953358132428431,-1.40069159799736
153,37,3.76885164037611,1,0.0166847592920637,0.00558257019902008,0.0397249055156252,0.0170889722453261,-0.0680705715397419,0.0995035021007899,-0.0513639971923564,-0.293102910111479,-0.204263455014263,0.732228718070658,-2.08427751180887
153,46,4.45756110923589,1,-0.0286018168839462,-0.010010945624788,-0.0431431766018906,0.021528497038897,0.0816857601756323,0.0369658310808939,0.178998079534858,-0.0625046313487733,-0.504291987656927,0.118388287424298,-2.47784299661871
154,20,2.9352084483919,1,0.00379508596686545,0.00288586402727218,0.0246359214962373,0.0556472391029298,0.077868361715489,-0.0629229385521969,0.021518724852935,0.200103860777984,0.466823021962634,0.707565712693457,0.0309109040189016
154,34,4.37170418016495,1,-0.0187565155393157,0.0321803983520639,0.0178530396363594,-0.0361352336106336,-0.0843841325124078,0.0365304172582186,-0.135713563207385,-0.274507109369277,-0.0418640735492609,0.863040044822033,-1.82867213969603
154,60,3.88557742413205,1,-0.00761519373462073,-0.0252781325267656,0.0270485241701474,0.0194685682015307,-0.0830405115745227,-0.0600379244752807,-0.110563995550526,0.286323158330716,-0.0971742135122688,-0.824908774259819,-1.92034047522917
155,20,3.2511369885668,1,0.00379508596686545,0.00288586402727218,0.0246359214962373,0.0556472391029298,0.077868361715489,-0.0629229385521969,0.021518724852935,0.200103860777984,0.466823021962634,0.707565712693457,0.0309109040189016
156,27,4.05024357883792,1,0.00682506152442232,-0.022836273106345,-0.0399288735041646,-0.0320198635120181,0.0235507656741422,-0.113179203925359,-0.165071031649423,-0.0600136505834606,0.314223442727684,0.951291000706248,-1.02040539533549
156,42,4.35564956183492,1,0.0193977907925961,-0.0256310082245281,0.0107268400472504,0.0596590092720197,0.0176807639004795,0.113007097959284,0.10325967766986,-0.209138396193091,-0.419216037542714,0.420900291824834,-2.37460053819131
156,49,3.99141223096063,1,-0.0286018168839463,0.0100109456247879,-0.0431431766018908,-0.0215284970388967,0.0816857601756324,-0.0369658310808942,0.178998079534858,0.062504631348774,-0.504291987656927,-0.118388287424303,-2.47784299661871
157,43,3.20103595941388,1,0.00718632091632387,-0.0242072577550441,-0.00420437462032443,0.0544453361198155,0.0373131271752185,0.0990450458639579,0.128340856338787,-0.176970612105117,-0.448736093815938,0.348227214693642,-2.41133261322405
157,47,3.50353971259424,1,-0.0344598007097492,-0.00340890260479752,-0.0491134628025585,0.00730135277835932,0.087847152609394,0.0124682702044796,0.185377648576518,-0.0209650410908403,-0.510794605873425,0.0395484124448788,-2.48528654475653
157,57,3.91958096975318,1,0.0265954623275339,0.00484222802313056,0.0418667112859702,-0.0339068820377849,-0.0553933146313201,-0.113559723121545,-0.0192769089347987,0.287888463514927,-0.254633193208475,-0.67835834752629,-2.15626697301888
157,71,3.81276539716279,1,0.0259198156514927,0.0397478281932356,-0.0296131010388038,-0.0111264087595249,0.073717925278402,0.12416088504974,-0.10237631133356,-0.0624414215895042,0.414967711301162,-0.887470635336608,-0.595393997439453
158,17,2.39456874541075,1,-0.0175281132457116,0.0351901923533376,0.0504430837423709,0.0563012015190211,0.0411828991727927,0.00924633805380769,0.107964892480869,0.258933770077016,0.43758985942118,0.508429919415252,0.537316845941477
158,19,2.74688000168836,1,-0.00468774154727752,0.0163984827032105,0.0370933533891088,0.060047129250937,0.0688364362865308,-0.0396489100337207,0.0528151353173652,0.225121670019343,0.463796787465123,0.646934439176685,0.196606449158969
158,24,3.04786342560791,1,0.0259198156514928,-0.0397478281932356,-0.0296131010388037,0.0111264087595252,0.073717925278402,-0.124160885049739,-0.10237631133356,0.0624414215895041,0.414967711301162,0.887470635336606,-0.595393997439522
158,31,3.01017594817306,1,-0.029323103388456,0.0275127256836963,-0.0131535929050171,-0.0617734435065777,-0.058568948977943,-0.0377141892765196,-0.181859112551002,-0.206594213707473,0.122689458110599,0.940590229179833,-1.51655766499538
158,35,2.64426710777801,1,-0.00761519373462091,0.0252781325267657,0.0270485241701473,-0.0194685682015311,-0.0830405115745226,0.0600379244752809,-0.110563995550526,-0.286323158330715,-0.0971742135122702,0.824908774259815,-1.92034047522921
159,19,3.28984217963466,1,-0.00468774154727752,0.0163984827032105,0.0370933533891088,0.060047129250937,0.0688364362865308,-0.0396489100337207,0.0528151353173652,0.225121670019343,0.463796787465123,0.646934439176685,0.196606449158969
159,23,3.78777156902299,1,0.0243502652693948,-0.0341329403525164,-0.0183134782872001,0.0250178562073634,0.0815097565934844,-0.115690197625332,-0.0738333561281126,0.101082523789185,0.437249466420411,0.852328595732064,-0.444753328862531
159,33,4.26849170338069,1,-0.0270601154138988,0.0355399884314474,0.00764541988943551,-0.0496785189799881,-0.0810008126049735,0.0117743306967455,-0.156587281553592,-0.257192377971053,0.0136835036585772,0.895246533640965,-1.7307234192249
160,27,2.34206743374146,1,0.00682506152442232,-0.022836273106345,-0.0399288735041646,-0.0320198635120181,0.0235507656741422,-0.113179203925359,-0.165071031649423,-0.0600136505834606,0.314223442727684,0.951291000706248,-1.02040539533549
160,33,2.79081202533743,1,-0.0270601154138988,0.0355399884314474,0.00764541988943551,-0.0496785189799881,-0.0810008126049735,0.0117743306967455,-0.156587281553592,-0.257192377971053,0.0136835036585772,0.895246533640965,-1.7307234192249
160,40,3.09549542574048,1,0.033823117762825,-0.0209268325273408,0.0344128295779367,0.0569417102101085,-0.0220277917357052,0.12556691851085,0.0449634858828777,-0.25980674703785,-0.345500046034614,0.557253199225219,-2.27958980564067
161,35,1.79874398175707,1,-0.00761519373462091,0.0252781325267657,0.0270485241701473,-0.0194685682015311,-0.0830405115745226,0.0600379244752809,-0.110563995550526,-0.286323158330715,-0.0971742135122702,0.824908774259815,-1.92034047522921
161,39,2.7456107731517,1,0.0328480309200758,-0.0140727054306012,0.0403181997604894,0.0477022413793989,-0.0398872412545269,0.122563666022507,0.0131593437459066,-0.276819035649829,-0.301946767468321,0.619920025403765,-2.22141756961814
161,44,3.30337884197859,1,-0.00604196462147821,-0.0208416475791202,-0.0191713223749332,0.0458516113019862,0.055282347571012,0.0811321779757237,0.149786463089955,-0.141288400703408,-0.472958355206902,0.273241588369366,-2.4408166411247
161,50,3.51925232864535,1,-0.0185502743713789,0.0159657020759651,-0.0326566930807357,-0.0346289574108928,0.0704520252003276,-0.0601464533596725,0.166903277597324,0.102872745835462,-0.491578445294325,-0.196457312672693,-2.46300323216551
162,17,2.46570997853234,1,-0.0175281132457116,0.0351901923533376,0.0504430837423709,0.0563012015190211,0.0411828991727927,0.00924633805380769,0.107964892480869,0.258933770077016,0.43758985942118,0.508429919415252,0.537316845941477
162,36,4.00345324724437,1,0.00473988590692551,0.0160174400957016,0.0345623279701267,-0.0012150053753285,-0.077444480885555,0.0813459276540865,-0.0821202498048911,-0.292551450147429,-0.151542234558066,0.781191929495596,-2.00558880590623
162,48,3.54224073969252,1,-0.0344598007097492,0.00340890260479741,-0.0491134628025586,-0.00730135277835896,0.0878471526093941,-0.01246827020448,0.185377648576518,0.020965041090841,-0.510794605873425,-0.0395484124448833,-2.48528654475653
163,49,3.83137850746267,1,-0.0286018168839463,0.0100109456247879,-0.0431431766018908,-0.0215284970388967,0.0816857601756324,-0.0369658310808942,0.178998079534858,0.062504631348774,-0.504291987656927,-0.118388287424303,-2.47784299661871
164,26,2.23273706294171,1,0.0162904723658411,-0.0331759925887876,-0.0403022053001087,-0.0181996368939044,0.0437083673990392,-0.122504103576414,-0.148462301103792,-0.0189403527925764,0.352933696784279,0.936954564811656,-0.883430903885456
164,29,2.24920667179618,1,-0.0144034362116381,0.00380997662579353,-0.0304914149602663,-0.0537092039149748,-0.0200331924178054,-0.0814906390228564,-0.183970742694785,-0.138583675228428,0.224542592837674,0.959435651065274,-1.2792408153894
165,24,3.44882236437274,1,0.0259198156514928,-0.0397478281932356,-0.0296131010388037,0.0111264087595252,0.073717925278402,-0.124160885049739,-0.10237631133356,0.0624414215895041,0.414967711301162,0.887470635336606,-0.595393997439522
165,31,3.66202692236515,1,-0.029323103388456,0.0275127256836963,-0.0131535929050171,-0.0617734435065777,-0.058568948977943,-0.0377141892765196,-0.181859112551002,-0.206594213707473,0.122689458110599,0.940590229179833,-1.51655766499538
165,45,4.01237429860439,1,-0.0185502743713787,-0.0159657020759652,-0.0326566930807354,0.0346289574108931,0.0704520252003274,0.0601464533596722,0.166903277597324,-0.102872745835461,-0.491578445294326,0.196457312672689,-2.46300323216552
166,34,3.95443260718921,1,-0.0187565155393157,0.0321803983520639,0.0178530396363594,-0.0361352336106336,-0.0843841325124078,0.0365304172582186,-0.135713563207385,-0.274507109369277,-0.0418640735492609,0.863040044822033,-1.82867213969603
166,56,3.83469864615557,1,0.0328480309200759,0.0140727054306013,0.0403181997604893,-0.0477022413793991,-0.0398872412545268,-0.122563666022507,0.0131593437459063,0.27681903564983,-0.30194676746832,-0.619920025403769,-2.22141756961811
167,28,3.65449489320216,1,-0.00387486126624774,-0.0099626542832893,-0.036474241902984,-0.0441409000373912,0.00183325201579327,-0.0992431922763389,-0.177003229236151,-0.100184294307921,0.271217666202214,0.958765651641,-1.15241039016946
168,17,3.01680308668792,1,-0.0175281132457116,0.0351901923533376,0.0504430837423709,0.0563012015190211,0.0411828991727927,0.00924633805380769,0.107964892480869,0.258933770077016,0.43758985942118,0.508429919415252,0.537316845941477
168,23,3.58663827995871,1,0.0243502652693948,-0.0341329403525164,-0.0183134782872001,0.0250178562073634,0.0815097565934844,-0.115690197625332,-0.0738333561281126,0.101082523789185,0.437249466420411,0.852328595732064,-0.444753328862531
168,31,4.39074084645223,1,-0.029323103388456,0.0275127256836963,-0.0131535929050171,-0.0617734435065777,-0.058568948977943,-0.0377141892765196,-0.181859112551002,-0.206594213707473,0.122689458110599,0.940590229179833,-1.51655766499538
168,48,3.20734726670792,1,-0.0344598007097492,0.00340890260479741,-0.0491134628025586,-0.00730135277835896,0.0878471526093941,-0.01246827020448,0.185377648576518,0.020965041090841,-0.510794605873425,-0.0395484124448833,-2.48528654475653
169,16,2.56596772695957,1,-0.0197952785807876,0.0373011602848168,0.0485776596235408,0.0469992683197215,0.023322633780704,0.0328227256752861,0.129629907960796,0.266363818497749,0.414162176132372,0.431006351234555,0.711868935850135
169,18,2.94022360708891,1,-0.0121605821153477,0.0277217617855525,0.046183328658935,0.0604779418230873,0.0564891985251532,-0.0152491388211319,0.0820033933584254,0.244967171107503,0.454098418258612,0.580482313860174,0.365485757286884
169,24,3.87781607889887,1,0.0259198156514928,-0.0397478281932356,-0.0296131010388037,0.0111264087595252,0.073717925278402,-0.124160885049739,-0.10237631133356,0.0624414215895041,0.414967711301162,0.887470635336606,-0.595393997439522
169,45,4.09430829584296,1,-0.0185502743713787,-0.0159657020759652,-0.0326566930807354,0.0346289574108931,0.0704520252003274,0.0601464533596722,0.166903277597324,-0.102872745835461,-0.491578445294326,0.196457312672689,-2.46300323216552
170,39,4.59892134974887,1,0.0328480309200758,-0.0140727054306012,0.0403181997604894,0.0477022413793989,-0.0398872412545269,0.122563666022507,0.0131593437459066,-0.276819035649829,-0.301946767468321,0.619920025403765,-2.22141756961814
171,42,4.41769711022648,1,0.0193977907925961,-0.0256310082245281,0.0107268400472504,0.0596590092720197,0.0176807639004795,0.113007097959284,0.10325967766986,-0.209138396193091,-0.419216037542714,0.420900291824834,-2.37460053819131
172,24,1.78454456529802,1,0.0259198156514928,-0.0397478281932356,-0.0296131010388037,0.0111264087595252,0.073717925278402,-0.124160885049739,-0.10237631133356,0.0624414215895041,0.414967711301162,0.887470635336606,-0.595393997439522
173,39,4.53337975513712,1,0.0328480309200758,-0.0140727054306012,0.0403181997604894,0.0477022413793989,-0.0398872412545269,0.122563666022507,0.0131593437459066,-0.276819035649829,-0.301946767468321,0.619920025403765,-2.22141756961814
173,42,4.60930636262086,1,0.0193977907925961,-0.0256310082245281,0.0107268400472504,0.0596590092720197,0.0176807639004795,0.113007097959284,0.10325967766986,-0.209138396193091,-0.419216037542714,0.420900291824834,-2.37460053819131
173,46,4.56535350695481,1,-0.0286018168839462,-0.010010945624788,-0.0431431766018906,0.021528497038897,0.0816857601756323,0.0369658310808939,0.178998079534858,-0.0625046313487733,-0.504291987656927,0.118388287424298,-2.47784299661871
