"id","time","y","grupo","Z1","Z2","Z3","Z4","Z5","Z6","Z7","Z8","Z9"
1,29,4.32734184757031,0,-0.178253582304479,-0.517291848634357,-0.86919526741783,-0.686187649366566,-0.402846958287108,-0.210334977927817,-0.0912631901985294,-0.0281626968201879,-0.00356459951370489
2,16,2.24774573296888,0,-0.236281383043617,-0.352933392980394,-0.0469299591605489,0.173012912820754,0.272302353579943,0.28068270343004,0.227898302684073,0.14369349165506,0.0578126106560276
2,37,4.3267748555036,0,-0.140482991430798,-0.411534194188051,-0.803114775966287,-1.08972007420728,-0.818323457897597,-0.512499704917262,-0.287670262741671,-0.133920351266495,-0.0413351903873855
2,39,4.45401123208551,0,-0.131040343712377,-0.385094780576474,-0.754137060031634,-1.11544052823281,-0.921924876976268,-0.588040886664623,-0.336772030877457,-0.160359764878071,-0.0507778381058055
3,11,1.97738031087261,0,-0.180681998384748,0.0374931761191892,0.349661245013103,0.503505582965464,0.531975165836501,0.469535657798448,0.350652723023536,0.209792025684002,0.0814192299520788
3,16,3.15328126463528,0,-0.236281383043617,-0.352933392980394,-0.0469299591605489,0.173012912820754,0.272302353579943,0.28068270343004,0.227898302684073,0.14369349165506,0.0578126106560276
3,34,4.76189716209714,0,-0.154646963008428,-0.451193314605416,-0.866045159529296,-0.981161178933605,-0.662519770543664,-0.399187932296221,-0.214017610537993,-0.0942612308491295,-0.0271712188097552
3,50,4.64163298820517,0,-0.0791057812610656,-0.239678005712803,-0.484077335284814,-0.814664431906708,-1.16617300055559,-1.00059909797661,-0.606831755624277,-0.305776539741743,-0.102712400557116
4,27,4.31183125406614,0,-0.187696230022899,-0.543370836154685,-0.809421446950379,-0.554070961497607,-0.298977833384486,-0.134793796180455,-0.0421614220627439,-0.00172328320861131,0.00587804820471555
4,48,4.57758446451375,0,-0.0885484289794863,-0.26611741932438,-0.533179103420601,-0.89020561365407,-1.19564444388758,-0.927952858221363,-0.557729987488492,-0.279337126130167,-0.0932697528386962
5,31,4.54757124673803,0,-0.168810934586059,-0.490852435022781,-0.889919040209642,-0.814559630570266,-0.506716083189731,-0.285876159675178,-0.140364958334315,-0.0546021104317647,-0.0130072472321252
5,50,5.07479372945646,0,-0.0791057812610656,-0.239678005712803,-0.484077335284814,-0.814664431906708,-1.16617300055559,-1.00059909797661,-0.606831755624277,-0.305776539741743,-0.102712400557116
6,26,3.94895037677833,0,-0.192417553882109,-0.554837688269077,-0.764964175794833,-0.487972427468665,-0.247043270933175,-0.0970232053067738,-0.0176105379948515,0.0114964235971772,0.0105993720639255
6,65,4.4777120045129,0,-0.00828592337291424,-0.0413824036259781,-0.115814074266426,-0.248105568801494,-0.454781520738418,-0.751356986393478,-0.883968204942693,-0.504072141828571,-0.173532258445268
7,31,3.95809723672572,0,-0.168810934586059,-0.490852435022781,-0.889919040209642,-0.814559630570266,-0.506716083189731,-0.285876159675178,-0.140364958334315,-0.0546021104317647,-0.0130072472321252
7,72,4.61030265563939,0,0.0247633436415568,0.0511555440145409,0.0560421142088229,0.016288567314274,-0.0912395835792374,-0.289676825381838,-0.586436870364725,-0.569660965927505,-0.206581525459739
8,40,4.56565238947604,0,-0.126319019853167,-0.371875073770686,-0.729586175963742,-1.11357655658391,-0.972328618615771,-0.625811477538304,-0.36132291494535,-0.17357947168386,-0.0554991619650157
8,52,4.85395344842741,0,-0.0696631335426456,-0.213238592101226,-0.43497556714903,-0.739123250159346,-1.1047526038577,-1.0620391106656,-0.655933523760063,-0.33221595335332,-0.112155048275537
9,20,3.18894884780392,0,-0.220745497037369,-0.531585248719675,-0.363709403828539,-0.0913812232950135,0.0645641037746962,0.129600339935314,0.129694766412504,0.0908146644319071,0.0389273152191868
9,27,3.8532560528487,0,-0.187696230022899,-0.543370836154685,-0.809421446950379,-0.554070961497607,-0.298977833384486,-0.134793796180455,-0.0421614220627439,-0.00172328320861131,0.00587804820471555
10,27,4.12595909486433,0,-0.187696230022899,-0.543370836154685,-0.809421446950379,-0.554070961497607,-0.298977833384486,-0.134793796180455,-0.0421614220627439,-0.00172328320861131,0.00587804820471555
10,36,4.72248545202924,0,-0.145204315290008,-0.42475390099384,-0.826563477407655,-1.06185066397039,-0.766388895446286,-0.474729114043582,-0.263119378673779,-0.120700644460706,-0.0366138665281754
10,51,4.87028259933461,0,-0.0743844574018556,-0.226458298907014,-0.459526451216922,-0.776893841033027,-1.13889611002407,-1.0332801940577,-0.63138263969217,-0.318996246547532,-0.107433724416326
11,9,1.00962593216547,0,-0.106532199193542,0.217275324187621,0.508297726682563,0.635702651023349,0.635844290739125,0.545076839545811,0.399754491159321,0.236231439295579,0.0908618776704993
11,15,2.65799302991579,0,-0.235510456807529,-0.286076718680864,0.0323882816741814,0.239111446849697,0.324236916031254,0.318453294303722,0.252449186751966,0.156913198460849,0.0625339345152378
11,31,4.45495485041884,0,-0.168810934586059,-0.490852435022781,-0.889919040209642,-0.814559630570266,-0.506716083189731,-0.285876159675178,-0.140364958334315,-0.0546021104317647,-0.0130072472321252
12,17,2.41876817973179,0,-0.234119079345112,-0.411934502106479,-0.126248199995279,0.106914378791812,0.220367791128631,0.242912112556359,0.203347418616181,0.130473784849272,0.0530912867968174
12,31,4.09726990464403,0,-0.168810934586059,-0.490852435022781,-0.889919040209642,-0.814559630570266,-0.506716083189731,-0.285876159675178,-0.140364958334315,-0.0546021104317647,-0.0130072472321252
12,46,4.63437399779566,0,-0.0979910766979064,-0.292556832935956,-0.582280871556386,-0.965116445128956,-1.18546265274563,-0.852435022780389,-0.508628219352707,-0.25289771251859,-0.083827105120276
13,28,3.34891766240799,0,-0.182974906163689,-0.530508808770545,-0.844485098267636,-0.620169495526549,-0.350912395835797,-0.172564387054136,-0.0667123061306369,-0.0149429900143997,0.00115672434550521
13,41,4.26844718206116,0,-0.121597695993957,-0.358655366964898,-0.705035291895849,-1.10330791463533,-1.02034823544693,-0.663582068411985,-0.385873799013243,-0.186799178489648,-0.0602204858242256
14,39,4.60798849090628,0,-0.131040343712377,-0.385094780576474,-0.754137060031634,-1.11544052823281,-0.921924876976268,-0.588040886664623,-0.336772030877457,-0.160359764878071,-0.0507778381058055
14,51,4.94980686446237,0,-0.0743844574018556,-0.226458298907014,-0.459526451216922,-0.776893841033027,-1.13889611002407,-1.0332801940577,-0.63138263969217,-0.318996246547532,-0.107433724416326
15,19,2.82074779837668,0,-0.22546682089658,-0.501908438160312,-0.28487422959049,-0.0252826892660717,0.116498666226008,0.167370930808996,0.154245650480396,0.104034371237695,0.043648639078397
15,31,4.15901761772686,0,-0.168810934586059,-0.490852435022781,-0.889919040209642,-0.814559630570266,-0.506716083189731,-0.285876159675178,-0.140364958334315,-0.0546021104317647,-0.0130072472321252
15,49,4.49850021746801,0,-0.083827105120276,-0.252897712518592,-0.508628219352708,-0.85243502278039,-1.18546265274563,-0.965116445128955,-0.582280871556385,-0.292556832935956,-0.0979910766979064
16,38,4.65702840185159,0,-0.135761667571587,-0.398314487382262,-0.778687944099527,-1.10777920687538,-0.870257633235046,-0.550270295790943,-0.312221146809564,-0.147140058072283,-0.0460565142465955
17,20,4.26292746413155,0,-0.220745497037369,-0.531585248719675,-0.363709403828539,-0.0913812232950135,0.0645641037746962,0.129600339935314,0.129694766412504,0.0908146644319071,0.0389273152191868
17,56,4.61030101487936,0,-0.050777838105805,-0.160359764878073,-0.336772030877459,-0.588040886664623,-0.921924876976269,-1.1154405282328,-0.754137060031635,-0.385094780576474,-0.131040343712377
18,25,3.2446270299383,0,-0.197138877741319,-0.563788742407093,-0.712233907507624,-0.421873893439723,-0.195108708481862,-0.0592526144330919,0.00694034607304139,0.0247161304029654,0.0153206959231358
18,34,4.59451905614986,0,-0.154646963008428,-0.451193314605416,-0.866045159529296,-0.981161178933605,-0.662519770543664,-0.399187932296221,-0.214017610537993,-0.0942612308491295,-0.0271712188097552
18,50,4.66266553279454,0,-0.0791057812610656,-0.239678005712803,-0.484077335284814,-0.814664431906708,-1.16617300055559,-1.00059909797661,-0.606831755624277,-0.305776539741743,-0.102712400557116
19,30,3.48507853501619,0,-0.173532258445269,-0.504072141828569,-0.883968204942691,-0.75135698639348,-0.454781520738419,-0.248105568801498,-0.115814074266422,-0.0413824036259762,-0.00828592337291492
19,57,4.71346652794695,0,-0.046056514246595,-0.147140058072285,-0.312221146809567,-0.550270295790942,-0.870257633235046,-1.10777920687538,-0.778687944099528,-0.398314487382263,-0.135761667571587
20,20,3.02384977221802,0,-0.220745497037369,-0.531585248719675,-0.363709403828539,-0.0913812232950135,0.0645641037746962,0.129600339935314,0.129694766412504,0.0908146644319071,0.0389273152191868
21,50,4.69770019372152,0,-0.0791057812610656,-0.239678005712803,-0.484077335284814,-0.814664431906708,-1.16617300055559,-1.00059909797661,-0.606831755624277,-0.305776539741743,-0.102712400557116
22,14,2.17068327848547,0,-0.230685677930224,-0.212485101914516,0.111706522508912,0.305209980878638,0.376171478482566,0.356223885177403,0.277000070819859,0.170132905266637,0.067255258374448
22,41,4.37524131698062,0,-0.121597695993957,-0.358655366964898,-0.705035291895849,-1.10330791463533,-1.02034823544693,-0.663582068411985,-0.385873799013243,-0.186799178489648,-0.0602204858242256
23,21,3.11940615151399,0,-0.21602417317816,-0.55202252506291,-0.440995317174677,-0.157479757323955,0.0126295413233842,0.0918297490616328,0.105143882344611,0.0775949576261188,0.0342059913599765
23,35,4.38764430905817,0,-0.149925639149218,-0.437973607799627,-0.847913812830865,-1.02529082464363,-0.714454332994974,-0.436958523169901,-0.238568494605886,-0.107480937654918,-0.0318925426689653
23,62,4.50302423521468,0,-0.0224498949505445,-0.081041524043343,-0.189466726470104,-0.361417341422537,-0.610585208092351,-0.930582349546953,-0.879836894796321,-0.464413021411205,-0.159368286867638
24,29,4.24081894426997,0,-0.178253582304479,-0.517291848634357,-0.86919526741783,-0.686187649366566,-0.402846958287108,-0.210334977927817,-0.0912631901985294,-0.0281626968201879,-0.00356459951370489
24,36,4.66714478765698,0,-0.145204315290008,-0.42475390099384,-0.826563477407655,-1.06185066397039,-0.766388895446286,-0.474729114043582,-0.263119378673779,-0.120700644460706,-0.0366138665281754
24,50,4.79732547615677,0,-0.0791057812610656,-0.239678005712803,-0.484077335284814,-0.814664431906708,-1.16617300055559,-1.00059909797661,-0.606831755624277,-0.305776539741743,-0.102712400557116
25,30,4.14652094806804,0,-0.173532258445269,-0.504072141828569,-0.883968204942691,-0.75135698639348,-0.454781520738419,-0.248105568801498,-0.115814074266422,-0.0413824036259762,-0.00828592337291492
25,49,4.64551599594023,0,-0.083827105120276,-0.252897712518592,-0.508628219352708,-0.85243502278039,-1.18546265274563,-0.965116445128955,-0.582280871556385,-0.292556832935956,-0.0979910766979064
26,24,4.07451114094134,0,-0.201860201600529,-0.569103375862111,-0.652351264795379,-0.355775359410781,-0.143174146030551,-0.0214820235594109,0.0314912301409338,0.0379358372087538,0.020042019782346
27,48,4.57033461494734,0,-0.0885484289794863,-0.26611741932438,-0.533179103420601,-0.89020561365407,-1.19564444388758,-0.927952858221363,-0.557729987488492,-0.279337126130167,-0.0932697528386962
28,32,3.6125887850977,0,-0.164089610726848,-0.477632728216992,-0.888168395925309,-0.874674959190299,-0.558650645641041,-0.323646750548859,-0.164915842402207,-0.0678218172375528,-0.017728571091335
28,46,4.45179781584477,0,-0.0979910766979064,-0.292556832935956,-0.582280871556386,-0.965116445128956,-1.18546265274563,-0.852435022780389,-0.508628219352707,-0.25289771251859,-0.083827105120276
29,21,2.98116471042019,0,-0.21602417317816,-0.55202252506291,-0.440995317174677,-0.157479757323955,0.0126295413233842,0.0918297490616328,0.105143882344611,0.0775949576261188,0.0342059913599765
29,26,3.45563039989067,0,-0.192417553882109,-0.554837688269077,-0.764964175794833,-0.487972427468665,-0.247043270933175,-0.0970232053067738,-0.0176105379948515,0.0114964235971772,0.0105993720639255
30,16,2.71878957449803,0,-0.236281383043617,-0.352933392980394,-0.0469299591605489,0.173012912820754,0.272302353579943,0.28068270343004,0.227898302684073,0.14369349165506,0.0578126106560276
30,27,3.15722008635123,0,-0.187696230022899,-0.543370836154685,-0.809421446950379,-0.554070961497607,-0.298977833384486,-0.134793796180455,-0.0421614220627439,-0.00172328320861131,0.00587804820471555
31,24,3.3604690716447,0,-0.201860201600529,-0.569103375862111,-0.652351264795379,-0.355775359410781,-0.143174146030551,-0.0214820235594109,0.0314912301409338,0.0379358372087538,0.020042019782346
31,35,4.68035169198057,0,-0.149925639149218,-0.437973607799627,-0.847913812830865,-1.02529082464363,-0.714454332994974,-0.436958523169901,-0.238568494605886,-0.107480937654918,-0.0318925426689653
31,52,4.93780165484436,0,-0.0696631335426456,-0.213238592101226,-0.43497556714903,-0.739123250159346,-1.1047526038577,-1.0620391106656,-0.655933523760063,-0.33221595335332,-0.112155048275537
32,22,3.69182219446252,0,-0.211302849318949,-0.564340889896645,-0.515611346922281,-0.223578291352897,-0.0393050211279284,0.054059158187951,0.0805929982767185,0.0643752508203305,0.0294846675007663
32,34,4.71513013352848,0,-0.154646963008428,-0.451193314605416,-0.866045159529296,-0.981161178933605,-0.662519770543664,-0.399187932296221,-0.214017610537993,-0.0942612308491295,-0.0271712188097552
32,50,5.00000446681449,0,-0.0791057812610656,-0.239678005712803,-0.484077335284814,-0.814664431906708,-1.16617300055559,-1.00059909797661,-0.606831755624277,-0.305776539741743,-0.102712400557116
33,27,3.63112038115599,0,-0.187696230022899,-0.543370836154685,-0.809421446950379,-0.554070961497607,-0.298977833384486,-0.134793796180455,-0.0421614220627439,-0.00172328320861131,0.00587804820471555
33,40,4.36180214276313,0,-0.126319019853167,-0.371875073770686,-0.729586175963742,-1.11357655658391,-0.972328618615771,-0.625811477538304,-0.36132291494535,-0.17357947168386,-0.0554991619650157
34,21,3.03442905413956,0,-0.21602417317816,-0.55202252506291,-0.440995317174677,-0.157479757323955,0.0126295413233842,0.0918297490616328,0.105143882344611,0.0775949576261188,0.0342059913599765
34,35,4.17673609473423,0,-0.149925639149218,-0.437973607799627,-0.847913812830865,-1.02529082464363,-0.714454332994974,-0.436958523169901,-0.238568494605886,-0.107480937654918,-0.0318925426689653
35,19,2.26085466399044,0,-0.22546682089658,-0.501908438160312,-0.28487422959049,-0.0252826892660717,0.116498666226008,0.167370930808996,0.154245650480396,0.104034371237695,0.043648639078397
35,29,3.7376578494207,0,-0.178253582304479,-0.517291848634357,-0.86919526741783,-0.686187649366566,-0.402846958287108,-0.210334977927817,-0.0912631901985294,-0.0281626968201879,-0.00356459951370489
35,50,4.84956832507126,0,-0.0791057812610656,-0.239678005712803,-0.484077335284814,-0.814664431906708,-1.16617300055559,-1.00059909797661,-0.606831755624277,-0.305776539741743,-0.102712400557116
36,42,4.58984421406526,0,-0.116876372134747,-0.34543566015911,-0.680484407827956,-1.08575522509369,-1.06486310476311,-0.701352659285666,-0.410424683081136,-0.200018885295437,-0.0649418096834358
37,63,4.91607365296607,0,-0.0177285710913343,-0.0678218172375548,-0.164915842402211,-0.323646750548856,-0.55865064564104,-0.874674959190297,-0.88816839592531,-0.477632728216994,-0.164089610726848
38,41,4.14171916215248,0,-0.121597695993957,-0.358655366964898,-0.705035291895849,-1.10330791463533,-1.02034823544693,-0.663582068411985,-0.385873799013243,-0.186799178489648,-0.0602204858242256
38,52,4.40225325068726,0,-0.0696631335426456,-0.213238592101226,-0.43497556714903,-0.739123250159346,-1.1047526038577,-1.0620391106656,-0.655933523760063,-0.33221595335332,-0.112155048275537
39,20,2.90769285539505,0,-0.220745497037369,-0.531585248719675,-0.363709403828539,-0.0913812232950135,0.0645641037746962,0.129600339935314,0.129694766412504,0.0908146644319071,0.0389273152191868
39,34,4.58862347986293,0,-0.154646963008428,-0.451193314605416,-0.866045159529296,-0.981161178933605,-0.662519770543664,-0.399187932296221,-0.214017610537993,-0.0942612308491295,-0.0271712188097552
39,49,4.59255732798281,0,-0.083827105120276,-0.252897712518592,-0.508628219352708,-0.85243502278039,-1.18546265274563,-0.965116445128955,-0.582280871556385,-0.292556832935956,-0.0979910766979064
40,16,2.48095784750514,0,-0.236281383043617,-0.352933392980394,-0.0469299591605489,0.173012912820754,0.272302353579943,0.28068270343004,0.227898302684073,0.14369349165506,0.0578126106560276
40,21,3.55481801484854,0,-0.21602417317816,-0.55202252506291,-0.440995317174677,-0.157479757323955,0.0126295413233842,0.0918297490616328,0.105143882344611,0.0775949576261188,0.0342059913599765
40,35,4.63232399349105,0,-0.149925639149218,-0.437973607799627,-0.847913812830865,-1.02529082464363,-0.714454332994974,-0.436958523169901,-0.238568494605886,-0.107480937654918,-0.0318925426689653
41,39,4.57763264305463,0,-0.131040343712377,-0.385094780576474,-0.754137060031634,-1.11544052823281,-0.921924876976268,-0.588040886664623,-0.336772030877457,-0.160359764878071,-0.0507778381058055
41,52,4.88210075239665,0,-0.0696631335426456,-0.213238592101226,-0.43497556714903,-0.739123250159346,-1.1047526038577,-1.0620391106656,-0.655933523760063,-0.33221595335332,-0.112155048275537
42,36,4.56478395163089,0,-0.145204315290008,-0.42475390099384,-0.826563477407655,-1.06185066397039,-0.766388895446286,-0.474729114043582,-0.263119378673779,-0.120700644460706,-0.0366138665281754
43,17,1.89139919876033,0,-0.234119079345112,-0.411934502106479,-0.126248199995279,0.106914378791812,0.220367791128631,0.242912112556359,0.203347418616181,0.130473784849272,0.0530912867968174
43,37,4.86451471223933,0,-0.140482991430798,-0.411534194188051,-0.803114775966287,-1.08972007420728,-0.818323457897597,-0.512499704917262,-0.287670262741671,-0.133920351266495,-0.0413351903873855
44,20,3.3117161046278,0,-0.220745497037369,-0.531585248719675,-0.363709403828539,-0.0913812232950135,0.0645641037746962,0.129600339935314,0.129694766412504,0.0908146644319071,0.0389273152191868
45,18,2.9411085459806,0,-0.230144168418641,-0.461959423352494,-0.205566440830009,0.0408158447628708,0.168433228677319,0.205141521682677,0.178796534548289,0.117254078043484,0.0483699629376072
45,37,4.75467333818163,0,-0.140482991430798,-0.411534194188051,-0.803114775966287,-1.08972007420728,-0.818323457897597,-0.512499704917262,-0.287670262741671,-0.133920351266495,-0.0413351903873855
45,53,4.93543945702261,0,-0.0649418096834354,-0.200018885295438,-0.410424683081137,-0.701352659285665,-1.06486310476311,-1.08575522509369,-0.680484407827956,-0.345435660159109,-0.116876372134747
46,39,4.36543631166168,0,-0.131040343712377,-0.385094780576474,-0.754137060031634,-1.11544052823281,-0.921924876976268,-0.588040886664623,-0.336772030877457,-0.160359764878071,-0.0507778381058055
46,50,4.66826938343052,0,-0.0791057812610656,-0.239678005712803,-0.484077335284814,-0.814664431906708,-1.16617300055559,-1.00059909797661,-0.606831755624277,-0.305776539741743,-0.102712400557116
47,16,2.49251549540407,0,-0.236281383043617,-0.352933392980394,-0.0469299591605489,0.173012912820754,0.272302353579943,0.28068270343004,0.227898302684073,0.14369349165506,0.0578126106560276
47,29,4.13716397454243,0,-0.178253582304479,-0.517291848634357,-0.86919526741783,-0.686187649366566,-0.402846958287108,-0.210334977927817,-0.0912631901985294,-0.0281626968201879,-0.00356459951370489
47,39,4.58728533291104,0,-0.131040343712377,-0.385094780576474,-0.754137060031634,-1.11544052823281,-0.921924876976268,-0.588040886664623,-0.336772030877457,-0.160359764878071,-0.0507778381058055
48,25,3.69288463492577,0,-0.197138877741319,-0.563788742407093,-0.712233907507624,-0.421873893439723,-0.195108708481862,-0.0592526144330919,0.00694034607304139,0.0247161304029654,0.0153206959231358
48,35,4.4920631340579,0,-0.149925639149218,-0.437973607799627,-0.847913812830865,-1.02529082464363,-0.714454332994974,-0.436958523169901,-0.238568494605886,-0.107480937654918,-0.0318925426689653
48,50,4.98012115089616,0,-0.0791057812610656,-0.239678005712803,-0.484077335284814,-0.814664431906708,-1.16617300055559,-1.00059909797661,-0.606831755624277,-0.305776539741743,-0.102712400557116
49,18,2.46091661424325,0,-0.230144168418641,-0.461959423352494,-0.205566440830009,0.0408158447628708,0.168433228677319,0.205141521682677,0.178796534548289,0.117254078043484,0.0483699629376072
49,35,4.25679149077491,0,-0.149925639149218,-0.437973607799627,-0.847913812830865,-1.02529082464363,-0.714454332994974,-0.436958523169901,-0.238568494605886,-0.107480937654918,-0.0318925426689653
49,54,4.41886829904069,0,-0.0602204858242253,-0.18679917848965,-0.385873799013245,-0.663582068411984,-1.02034823544693,-1.10330791463533,-0.705035291895848,-0.358655366964897,-0.121597695993957
50,17,3.08780696917981,0,-0.234119079345112,-0.411934502106479,-0.126248199995279,0.106914378791812,0.220367791128631,0.242912112556359,0.203347418616181,0.130473784849272,0.0530912867968174
50,22,3.90616741431305,0,-0.211302849318949,-0.564340889896645,-0.515611346922281,-0.223578291352897,-0.0393050211279284,0.054059158187951,0.0805929982767185,0.0643752508203305,0.0294846675007663
51,61,4.49228704322078,0,-0.0271712188097548,-0.0942612308491319,-0.214017610537997,-0.399187932296219,-0.662519770543663,-0.981161178933604,-0.866045159529298,-0.451193314605417,-0.154646963008428
52,21,3.28557054184204,0,-0.21602417317816,-0.55202252506291,-0.440995317174677,-0.157479757323955,0.0126295413233842,0.0918297490616328,0.105143882344611,0.0775949576261188,0.0342059913599765
53,26,3.33393421078558,0,-0.192417553882109,-0.554837688269077,-0.764964175794833,-0.487972427468665,-0.247043270933175,-0.0970232053067738,-0.0176105379948515,0.0114964235971772,0.0105993720639255
53,51,4.44749128954167,0,-0.0743844574018556,-0.226458298907014,-0.459526451216922,-0.776893841033027,-1.13889611002407,-1.0332801940577,-0.63138263969217,-0.318996246547532,-0.107433724416326
54,18,3.06317214586759,0,-0.230144168418641,-0.461959423352494,-0.205566440830009,0.0408158447628708,0.168433228677319,0.205141521682677,0.178796534548289,0.117254078043484,0.0483699629376072
54,34,4.34410477025592,0,-0.154646963008428,-0.451193314605416,-0.866045159529296,-0.981161178933605,-0.662519770543664,-0.399187932296221,-0.214017610537993,-0.0942612308491295,-0.0271712188097552
55,29,4.27308768282232,0,-0.178253582304479,-0.517291848634357,-0.86919526741783,-0.686187649366566,-0.402846958287108,-0.210334977927817,-0.0912631901985294,-0.0281626968201879,-0.00356459951370489
56,24,2.90030028525806,0,-0.201860201600529,-0.569103375862111,-0.652351264795379,-0.355775359410781,-0.143174146030551,-0.0214820235594109,0.0314912301409338,0.0379358372087538,0.020042019782346
56,37,4.19193546788094,0,-0.140482991430798,-0.411534194188051,-0.803114775966287,-1.08972007420728,-0.818323457897597,-0.512499704917262,-0.287670262741671,-0.133920351266495,-0.0413351903873855
57,66,4.44476753325071,0,-0.00356459951370394,-0.0281626968201894,-0.0912631901985328,-0.210334977927813,-0.402846958287105,-0.686187649366562,-0.869195267417832,-0.517291848634358,-0.178253582304478
58,37,4.58270678070922,0,-0.140482991430798,-0.411534194188051,-0.803114775966287,-1.08972007420728,-0.818323457897597,-0.512499704917262,-0.287670262741671,-0.133920351266495,-0.0413351903873855
58,58,4.48116170151543,0,-0.0413351903873849,-0.133920351266496,-0.287670262741674,-0.512499704917261,-0.818323457897596,-1.08972007420728,-0.803114775966287,-0.411534194188051,-0.140482991430797
59,33,4.56882155300682,0,-0.159368286867638,-0.464413021411204,-0.879836894796319,-0.930582349546954,-0.610585208092353,-0.36141734142254,-0.1894667264701,-0.0810415240433412,-0.0224498949505453
60,16,2.11531682365813,0,-0.236281383043617,-0.352933392980394,-0.0469299591605489,0.173012912820754,0.272302353579943,0.28068270343004,0.227898302684073,0.14369349165506,0.0578126106560276
60,36,4.78101773879826,0,-0.145204315290008,-0.42475390099384,-0.826563477407655,-1.06185066397039,-0.766388895446286,-0.474729114043582,-0.263119378673779,-0.120700644460706,-0.0366138665281754
61,33,4.04739237035146,0,-0.159368286867638,-0.464413021411204,-0.879836894796319,-0.930582349546954,-0.610585208092353,-0.36141734142254,-0.1894667264701,-0.0810415240433412,-0.0224498949505453
62,28,2.89580665228206,0,-0.182974906163689,-0.530508808770545,-0.844485098267636,-0.620169495526549,-0.350912395835797,-0.172564387054136,-0.0667123061306369,-0.0149429900143997,0.00115672434550521
62,31,3.15315742383495,0,-0.168810934586059,-0.490852435022781,-0.889919040209642,-0.814559630570266,-0.506716083189731,-0.285876159675178,-0.140364958334315,-0.0546021104317647,-0.0130072472321252
62,42,4.33069463314132,0,-0.116876372134747,-0.34543566015911,-0.680484407827956,-1.08575522509369,-1.06486310476311,-0.701352659285666,-0.410424683081136,-0.200018885295437,-0.0649418096834358
62,60,4.90703358084977,0,-0.0318925426689646,-0.107480937654919,-0.238568494605888,-0.436958523169899,-0.714454332994973,-1.02529082464362,-0.847913812830866,-0.437973607799628,-0.149925639149217
63,39,4.22742918911015,0,-0.131040343712377,-0.385094780576474,-0.754137060031634,-1.11544052823281,-0.921924876976268,-0.588040886664623,-0.336772030877457,-0.160359764878071,-0.0507778381058055
64,28,4.21650641761738,0,-0.182974906163689,-0.530508808770545,-0.844485098267636,-0.620169495526549,-0.350912395835797,-0.172564387054136,-0.0667123061306369,-0.0149429900143997,0.00115672434550521
65,24,3.24174422054961,0,-0.201860201600529,-0.569103375862111,-0.652351264795379,-0.355775359410781,-0.143174146030551,-0.0214820235594109,0.0314912301409338,0.0379358372087538,0.020042019782346
65,35,4.3100598477053,0,-0.149925639149218,-0.437973607799627,-0.847913812830865,-1.02529082464363,-0.714454332994974,-0.436958523169901,-0.238568494605886,-0.107480937654918,-0.0318925426689653
65,86,4.93156423672853,0,0.0908618776704991,0.236231439295579,0.399754491159322,0.54507683954581,0.635844290739124,0.635702651023348,0.508297726682562,0.21727532418762,-0.106532199193542
66,16,2.16836231443159,0,-0.236281383043617,-0.352933392980394,-0.0469299591605489,0.173012912820754,0.272302353579943,0.28068270343004,0.227898302684073,0.14369349165506,0.0578126106560276
66,22,3.2038420070585,0,-0.211302849318949,-0.564340889896645,-0.515611346922281,-0.223578291352897,-0.0393050211279284,0.054059158187951,0.0805929982767185,0.0643752508203305,0.0294846675007663
66,35,4.60006095492654,0,-0.149925639149218,-0.437973607799627,-0.847913812830865,-1.02529082464363,-0.714454332994974,-0.436958523169901,-0.238568494605886,-0.107480937654918,-0.0318925426689653
66,51,4.8364688038222,0,-0.0743844574018556,-0.226458298907014,-0.459526451216922,-0.776893841033027,-1.13889611002407,-1.0332801940577,-0.63138263969217,-0.318996246547532,-0.107433724416326
67,78,4.58601620877276,0,0.0530912867968177,0.130473784849271,0.203347418616179,0.242912112556361,0.220367791128631,0.106914378791813,-0.126248199995281,-0.41193450210648,-0.234119079345112
68,23,4.2630241288861,0,-0.206581525459739,-0.569660965927503,-0.586436870364723,-0.289676825381839,-0.091239583579239,0.0162885673142703,0.0560421142088263,0.0511555440145421,0.0247633436415561
68,35,4.7258256229728,0,-0.149925639149218,-0.437973607799627,-0.847913812830865,-1.02529082464363,-0.714454332994974,-0.436958523169901,-0.238568494605886,-0.107480937654918,-0.0318925426689653
68,56,4.60116333248074,0,-0.050777838105805,-0.160359764878073,-0.336772030877459,-0.588040886664623,-0.921924876976269,-1.1154405282328,-0.754137060031635,-0.385094780576474,-0.131040343712377
69,22,3.52320110255152,0,-0.211302849318949,-0.564340889896645,-0.515611346922281,-0.223578291352897,-0.0393050211279284,0.054059158187951,0.0805929982767185,0.0643752508203305,0.0294846675007663
69,26,3.9914587839411,0,-0.192417553882109,-0.554837688269077,-0.764964175794833,-0.487972427468665,-0.247043270933175,-0.0970232053067738,-0.0176105379948515,0.0114964235971772,0.0105993720639255
69,36,4.55646319579829,0,-0.145204315290008,-0.42475390099384,-0.826563477407655,-1.06185066397039,-0.766388895446286,-0.474729114043582,-0.263119378673779,-0.120700644460706,-0.0366138665281754
70,20,3.72816723995226,0,-0.220745497037369,-0.531585248719675,-0.363709403828539,-0.0913812232950135,0.0645641037746962,0.129600339935314,0.129694766412504,0.0908146644319071,0.0389273152191868
70,47,4.49488666182513,0,-0.0932697528386961,-0.279337126130168,-0.557729987488493,-0.927952858221363,-1.19564444388758,-0.890205613654069,-0.533179103420599,-0.266117419324378,-0.0885484289794861
71,24,3.12459582478773,0,-0.201860201600529,-0.569103375862111,-0.652351264795379,-0.355775359410781,-0.143174146030551,-0.0214820235594109,0.0314912301409338,0.0379358372087538,0.020042019782346
71,29,3.77414797878263,0,-0.178253582304479,-0.517291848634357,-0.86919526741783,-0.686187649366566,-0.402846958287108,-0.210334977927817,-0.0912631901985294,-0.0281626968201879,-0.00356459951370489
71,39,4.66587577862326,0,-0.131040343712377,-0.385094780576474,-0.754137060031634,-1.11544052823281,-0.921924876976268,-0.588040886664623,-0.336772030877457,-0.160359764878071,-0.0507778381058055
72,38,4.72700748405091,0,-0.135761667571587,-0.398314487382262,-0.778687944099527,-1.10777920687538,-0.870257633235046,-0.550270295790943,-0.312221146809564,-0.147140058072283,-0.0460565142465955
73,26,3.98695760669141,0,-0.192417553882109,-0.554837688269077,-0.764964175794833,-0.487972427468665,-0.247043270933175,-0.0970232053067738,-0.0176105379948515,0.0114964235971772,0.0105993720639255
73,31,4.27607726501825,0,-0.168810934586059,-0.490852435022781,-0.889919040209642,-0.814559630570266,-0.506716083189731,-0.285876159675178,-0.140364958334315,-0.0546021104317647,-0.0130072472321252
73,41,4.67182551410185,0,-0.121597695993957,-0.358655366964898,-0.705035291895849,-1.10330791463533,-1.02034823544693,-0.663582068411985,-0.385873799013243,-0.186799178489648,-0.0602204858242256
74,10,0.427601587594341,0,-0.148435581876317,0.126818335686559,0.428979485847833,0.569604116994407,0.583909728287813,0.507306248672129,0.375203607091428,0.22301173248979,0.086140553811289
74,17,2.47889230813537,0,-0.234119079345112,-0.411934502106479,-0.126248199995279,0.106914378791812,0.220367791128631,0.242912112556359,0.203347418616181,0.130473784849272,0.0530912867968174
74,31,4.54660115214856,0,-0.168810934586059,-0.490852435022781,-0.889919040209642,-0.814559630570266,-0.506716083189731,-0.285876159675178,-0.140364958334315,-0.0546021104317647,-0.0130072472321252
75,30,4.24044933220813,0,-0.173532258445269,-0.504072141828569,-0.883968204942691,-0.75135698639348,-0.454781520738419,-0.248105568801498,-0.115814074266422,-0.0413824036259762,-0.00828592337291492
75,34,4.36962292610462,0,-0.154646963008428,-0.451193314605416,-0.866045159529296,-0.981161178933605,-0.662519770543664,-0.399187932296221,-0.214017610537993,-0.0942612308491295,-0.0271712188097552
75,44,4.80077162489694,0,-0.107433724416326,-0.318996246547533,-0.631382639692171,-1.0332801940577,-1.13889611002407,-0.776893841033026,-0.459526451216921,-0.226458298907013,-0.0743844574018557
76,43,3.6291040150949,0,-0.112155048275537,-0.332215953353321,-0.655933523760064,-1.0620391106656,-1.1047526038577,-0.739123250159346,-0.434975567149028,-0.213238592101225,-0.0696631335426459
77,23,2.83295411596348,0,-0.206581525459739,-0.569660965927503,-0.586436870364723,-0.289676825381839,-0.091239583579239,0.0162885673142703,0.0560421142088263,0.0511555440145421,0.0247633436415561
77,28,3.49953932194836,0,-0.182974906163689,-0.530508808770545,-0.844485098267636,-0.620169495526549,-0.350912395835797,-0.172564387054136,-0.0667123061306369,-0.0149429900143997,0.00115672434550521
77,40,4.355056906055,0,-0.126319019853167,-0.371875073770686,-0.729586175963742,-1.11357655658391,-0.972328618615771,-0.625811477538304,-0.36132291494535,-0.17357947168386,-0.0554991619650157
78,36,3.88833027807075,0,-0.145204315290008,-0.42475390099384,-0.826563477407655,-1.06185066397039,-0.766388895446286,-0.474729114043582,-0.263119378673779,-0.120700644460706,-0.0366138665281754
78,43,4.54544409858162,0,-0.112155048275537,-0.332215953353321,-0.655933523760064,-1.0620391106656,-1.1047526038577,-0.739123250159346,-0.434975567149028,-0.213238592101225,-0.0696631335426459
79,30,3.23019891879436,0,-0.173532258445269,-0.504072141828569,-0.883968204942691,-0.75135698639348,-0.454781520738419,-0.248105568801498,-0.115814074266422,-0.0413824036259762,-0.00828592337291492
79,37,4.11142021399149,0,-0.140482991430798,-0.411534194188051,-0.803114775966287,-1.08972007420728,-0.818323457897597,-0.512499704917262,-0.287670262741671,-0.133920351266495,-0.0413351903873855
80,31,4.54832401592183,0,-0.168810934586059,-0.490852435022781,-0.889919040209642,-0.814559630570266,-0.506716083189731,-0.285876159675178,-0.140364958334315,-0.0546021104317647,-0.0130072472321252
80,36,4.77420153356929,0,-0.145204315290008,-0.42475390099384,-0.826563477407655,-1.06185066397039,-0.766388895446286,-0.474729114043582,-0.263119378673779,-0.120700644460706,-0.0366138665281754
80,51,4.97151913596237,0,-0.0743844574018556,-0.226458298907014,-0.459526451216922,-0.776893841033027,-1.13889611002407,-1.0332801940577,-0.63138263969217,-0.318996246547532,-0.107433724416326
81,41,4.75463209471575,0,-0.121597695993957,-0.358655366964898,-0.705035291895849,-1.10330791463533,-1.02034823544693,-0.663582068411985,-0.385873799013243,-0.186799178489648,-0.0602204858242256
82,35,4.27127995221694,0,-0.149925639149218,-0.437973607799627,-0.847913812830865,-1.02529082464363,-0.714454332994974,-0.436958523169901,-0.238568494605886,-0.107480937654918,-0.0318925426689653
82,80,4.78511388258574,0,0.0625339345152381,0.156913198460849,0.252449186751965,0.318453294303724,0.324236916031255,0.239111446849697,0.032388281674181,-0.286076718680865,-0.235510456807529
83,34,4.10383996630534,0,-0.154646963008428,-0.451193314605416,-0.866045159529296,-0.981161178933605,-0.662519770543664,-0.399187932296221,-0.214017610537993,-0.0942612308491295,-0.0271712188097552
84,30,4.30961095886755,0,-0.173532258445269,-0.504072141828569,-0.883968204942691,-0.75135698639348,-0.454781520738419,-0.248105568801498,-0.115814074266422,-0.0413824036259762,-0.00828592337291492
84,37,4.64360558422521,0,-0.140482991430798,-0.411534194188051,-0.803114775966287,-1.08972007420728,-0.818323457897597,-0.512499704917262,-0.287670262741671,-0.133920351266495,-0.0413351903873855
85,39,4.60490980034609,0,-0.131040343712377,-0.385094780576474,-0.754137060031634,-1.11544052823281,-0.921924876976268,-0.588040886664623,-0.336772030877457,-0.160359764878071,-0.0507778381058055
86,33,4.22719569755055,0,-0.159368286867638,-0.464413021411204,-0.879836894796319,-0.930582349546954,-0.610585208092353,-0.36141734142254,-0.1894667264701,-0.0810415240433412,-0.0224498949505453
86,37,4.66041633593547,0,-0.140482991430798,-0.411534194188051,-0.803114775966287,-1.08972007420728,-0.818323457897597,-0.512499704917262,-0.287670262741671,-0.133920351266495,-0.0413351903873855
86,47,4.70114706313768,0,-0.0932697528386961,-0.279337126130168,-0.557729987488493,-0.927952858221363,-1.19564444388758,-0.890205613654069,-0.533179103420599,-0.266117419324378,-0.0885484289794861
87,24,3.70255582280214,0,-0.201860201600529,-0.569103375862111,-0.652351264795379,-0.355775359410781,-0.143174146030551,-0.0214820235594109,0.0314912301409338,0.0379358372087538,0.020042019782346
87,31,4.24919699214643,0,-0.168810934586059,-0.490852435022781,-0.889919040209642,-0.814559630570266,-0.506716083189731,-0.285876159675178,-0.140364958334315,-0.0546021104317647,-0.0130072472321252
87,38,4.50760999883631,0,-0.135761667571587,-0.398314487382262,-0.778687944099527,-1.10777920687538,-0.870257633235046,-0.550270295790943,-0.312221146809564,-0.147140058072283,-0.0460565142465955
88,20,3.35304090970593,0,-0.220745497037369,-0.531585248719675,-0.363709403828539,-0.0913812232950135,0.0645641037746962,0.129600339935314,0.129694766412504,0.0908146644319071,0.0389273152191868
88,26,4.10404981581136,0,-0.192417553882109,-0.554837688269077,-0.764964175794833,-0.487972427468665,-0.247043270933175,-0.0970232053067738,-0.0176105379948515,0.0114964235971772,0.0105993720639255
88,36,4.84678349247879,0,-0.145204315290008,-0.42475390099384,-0.826563477407655,-1.06185066397039,-0.766388895446286,-0.474729114043582,-0.263119378673779,-0.120700644460706,-0.0366138665281754
89,19,3.09325672001581,0,-0.22546682089658,-0.501908438160312,-0.28487422959049,-0.0252826892660717,0.116498666226008,0.167370930808996,0.154245650480396,0.104034371237695,0.043648639078397
89,38,4.42419152984286,0,-0.135761667571587,-0.398314487382262,-0.778687944099527,-1.10777920687538,-0.870257633235046,-0.550270295790943,-0.312221146809564,-0.147140058072283,-0.0460565142465955
90,31,4.2739556201049,0,-0.168810934586059,-0.490852435022781,-0.889919040209642,-0.814559630570266,-0.506716083189731,-0.285876159675178,-0.140364958334315,-0.0546021104317647,-0.0130072472321252
90,48,4.87211584154254,0,-0.0885484289794863,-0.26611741932438,-0.533179103420601,-0.89020561365407,-1.19564444388758,-0.927952858221363,-0.557729987488492,-0.279337126130167,-0.0932697528386962
91,17,2.61718047117945,0,-0.234119079345112,-0.411934502106479,-0.126248199995279,0.106914378791812,0.220367791128631,0.242912112556359,0.203347418616181,0.130473784849272,0.0530912867968174
91,19,2.52483007307522,0,-0.22546682089658,-0.501908438160312,-0.28487422959049,-0.0252826892660717,0.116498666226008,0.167370930808996,0.154245650480396,0.104034371237695,0.043648639078397
91,24,3.72441492671927,0,-0.201860201600529,-0.569103375862111,-0.652351264795379,-0.355775359410781,-0.143174146030551,-0.0214820235594109,0.0314912301409338,0.0379358372087538,0.020042019782346
92,23,3.66067668854782,0,-0.206581525459739,-0.569660965927503,-0.586436870364723,-0.289676825381839,-0.091239583579239,0.0162885673142703,0.0560421142088263,0.0511555440145421,0.0247633436415561
92,25,3.92228062348769,0,-0.197138877741319,-0.563788742407093,-0.712233907507624,-0.421873893439723,-0.195108708481862,-0.0592526144330919,0.00694034607304139,0.0247161304029654,0.0153206959231358
92,34,4.72804630827377,0,-0.154646963008428,-0.451193314605416,-0.866045159529296,-0.981161178933605,-0.662519770543664,-0.399187932296221,-0.214017610537993,-0.0942612308491295,-0.0271712188097552
93,42,4.68536610138781,0,-0.116876372134747,-0.34543566015911,-0.680484407827956,-1.08575522509369,-1.06486310476311,-0.701352659285666,-0.410424683081136,-0.200018885295437,-0.0649418096834358
94,40,4.8046789884927,0,-0.126319019853167,-0.371875073770686,-0.729586175963742,-1.11357655658391,-0.972328618615771,-0.625811477538304,-0.36132291494535,-0.17357947168386,-0.0554991619650157
95,18,3.04395695795564,0,-0.230144168418641,-0.461959423352494,-0.205566440830009,0.0408158447628708,0.168433228677319,0.205141521682677,0.178796534548289,0.117254078043484,0.0483699629376072
95,20,3.25677607358604,0,-0.220745497037369,-0.531585248719675,-0.363709403828539,-0.0913812232950135,0.0645641037746962,0.129600339935314,0.129694766412504,0.0908146644319071,0.0389273152191868
95,24,4.09455493144816,0,-0.201860201600529,-0.569103375862111,-0.652351264795379,-0.355775359410781,-0.143174146030551,-0.0214820235594109,0.0314912301409338,0.0379358372087538,0.020042019782346
96,20,2.94856353733768,0,-0.220745497037369,-0.531585248719675,-0.363709403828539,-0.0913812232950135,0.0645641037746962,0.129600339935314,0.129694766412504,0.0908146644319071,0.0389273152191868
96,30,4.07126368797269,0,-0.173532258445269,-0.504072141828569,-0.883968204942691,-0.75135698639348,-0.454781520738419,-0.248105568801498,-0.115814074266422,-0.0413824036259762,-0.00828592337291492
97,20,2.2802905785883,0,-0.220745497037369,-0.531585248719675,-0.363709403828539,-0.0913812232950135,0.0645641037746962,0.129600339935314,0.129694766412504,0.0908146644319071,0.0389273152191868
97,25,3.31400646359337,0,-0.197138877741319,-0.563788742407093,-0.712233907507624,-0.421873893439723,-0.195108708481862,-0.0592526144330919,0.00694034607304139,0.0247161304029654,0.0153206959231358
97,50,4.89398264667062,0,-0.0791057812610656,-0.239678005712803,-0.484077335284814,-0.814664431906708,-1.16617300055559,-1.00059909797661,-0.606831755624277,-0.305776539741743,-0.102712400557116
98,25,3.63375309343855,0,-0.197138877741319,-0.563788742407093,-0.712233907507624,-0.421873893439723,-0.195108708481862,-0.0592526144330919,0.00694034607304139,0.0247161304029654,0.0153206959231358
98,35,4.76536401907416,0,-0.149925639149218,-0.437973607799627,-0.847913812830865,-1.02529082464363,-0.714454332994974,-0.436958523169901,-0.238568494605886,-0.107480937654918,-0.0318925426689653
99,27,4.80860433691812,0,-0.187696230022899,-0.543370836154685,-0.809421446950379,-0.554070961497607,-0.298977833384486,-0.134793796180455,-0.0421614220627439,-0.00172328320861131,0.00587804820471555
100,17,2.57162496672921,0,-0.234119079345112,-0.411934502106479,-0.126248199995279,0.106914378791812,0.220367791128631,0.242912112556359,0.203347418616181,0.130473784849272,0.0530912867968174
100,44,4.66032778573018,0,-0.107433724416326,-0.318996246547533,-0.631382639692171,-1.0332801940577,-1.13889611002407,-0.776893841033026,-0.459526451216921,-0.226458298907013,-0.0743844574018557
101,21,3.59609013024089,0,-0.21602417317816,-0.55202252506291,-0.440995317174677,-0.157479757323955,0.0126295413233842,0.0918297490616328,0.105143882344611,0.0775949576261188,0.0342059913599765
102,72,4.6627916848981,0,0.0247633436415568,0.0511555440145409,0.0560421142088229,0.016288567314274,-0.0912395835792374,-0.289676825381838,-0.586436870364725,-0.569660965927505,-0.206581525459739
103,25,3.6516135306982,0,-0.197138877741319,-0.563788742407093,-0.712233907507624,-0.421873893439723,-0.195108708481862,-0.0592526144330919,0.00694034607304139,0.0247161304029654,0.0153206959231358
103,35,4.82668980101998,0,-0.149925639149218,-0.437973607799627,-0.847913812830865,-1.02529082464363,-0.714454332994974,-0.436958523169901,-0.238568494605886,-0.107480937654918,-0.0318925426689653
104,27,4.77585037723098,0,-0.187696230022899,-0.543370836154685,-0.809421446950379,-0.554070961497607,-0.298977833384486,-0.134793796180455,-0.0421614220627439,-0.00172328320861131,0.00587804820471555
105,17,2.52806840977569,0,-0.234119079345112,-0.411934502106479,-0.126248199995279,0.106914378791812,0.220367791128631,0.242912112556359,0.203347418616181,0.130473784849272,0.0530912867968174
105,44,4.66918965222711,0,-0.107433724416326,-0.318996246547533,-0.631382639692171,-1.0332801940577,-1.13889611002407,-0.776893841033026,-0.459526451216921,-0.226458298907013,-0.0743844574018557
106,21,3.61031163452424,0,-0.21602417317816,-0.55202252506291,-0.440995317174677,-0.157479757323955,0.0126295413233842,0.0918297490616328,0.105143882344611,0.0775949576261188,0.0342059913599765
107,21,3.11677126372701,0,-0.21602417317816,-0.55202252506291,-0.440995317174677,-0.157479757323955,0.0126295413233842,0.0918297490616328,0.105143882344611,0.0775949576261188,0.0342059913599765
107,28,4.15618527438721,0,-0.182974906163689,-0.530508808770545,-0.844485098267636,-0.620169495526549,-0.350912395835797,-0.172564387054136,-0.0667123061306369,-0.0149429900143997,0.00115672434550521
108,17,2.54108798664287,0,-0.234119079345112,-0.411934502106479,-0.126248199995279,0.106914378791812,0.220367791128631,0.242912112556359,0.203347418616181,0.130473784849272,0.0530912867968174
108,21,3.07556125680558,0,-0.21602417317816,-0.55202252506291,-0.440995317174677,-0.157479757323955,0.0126295413233842,0.0918297490616328,0.105143882344611,0.0775949576261188,0.0342059913599765
108,31,4.45513710549457,0,-0.168810934586059,-0.490852435022781,-0.889919040209642,-0.814559630570266,-0.506716083189731,-0.285876159675178,-0.140364958334315,-0.0546021104317647,-0.0130072472321252
109,19,3.1960256763167,0,-0.22546682089658,-0.501908438160312,-0.28487422959049,-0.0252826892660717,0.116498666226008,0.167370930808996,0.154245650480396,0.104034371237695,0.043648639078397
109,33,4.40665471854435,0,-0.159368286867638,-0.464413021411204,-0.879836894796319,-0.930582349546954,-0.610585208092353,-0.36141734142254,-0.1894667264701,-0.0810415240433412,-0.0224498949505453
109,49,4.49967946350988,0,-0.083827105120276,-0.252897712518592,-0.508628219352708,-0.85243502278039,-1.18546265274563,-0.965116445128955,-0.582280871556385,-0.292556832935956,-0.0979910766979064
110,24,3.49498773754958,0,-0.201860201600529,-0.569103375862111,-0.652351264795379,-0.355775359410781,-0.143174146030551,-0.0214820235594109,0.0314912301409338,0.0379358372087538,0.020042019782346
110,35,4.60262702585622,0,-0.149925639149218,-0.437973607799627,-0.847913812830865,-1.02529082464363,-0.714454332994974,-0.436958523169901,-0.238568494605886,-0.107480937654918,-0.0318925426689653
110,51,4.83386693198363,0,-0.0743844574018556,-0.226458298907014,-0.459526451216922,-0.776893841033027,-1.13889611002407,-1.0332801940577,-0.63138263969217,-0.318996246547532,-0.107433724416326
111,27,3.75174317313282,0,-0.187696230022899,-0.543370836154685,-0.809421446950379,-0.554070961497607,-0.298977833384486,-0.134793796180455,-0.0421614220627439,-0.00172328320861131,0.00587804820471555
111,34,4.3925807318974,0,-0.154646963008428,-0.451193314605416,-0.866045159529296,-0.981161178933605,-0.662519770543664,-0.399187932296221,-0.214017610537993,-0.0942612308491295,-0.0271712188097552
112,21,2.63492030543682,0,-0.21602417317816,-0.55202252506291,-0.440995317174677,-0.157479757323955,0.0126295413233842,0.0918297490616328,0.105143882344611,0.0775949576261188,0.0342059913599765
112,23,3.0868110689583,0,-0.206581525459739,-0.569660965927503,-0.586436870364723,-0.289676825381839,-0.091239583579239,0.0162885673142703,0.0560421142088263,0.0511555440145421,0.0247633436415561
112,30,4.11157285023979,0,-0.173532258445269,-0.504072141828569,-0.883968204942691,-0.75135698639348,-0.454781520738419,-0.248105568801498,-0.115814074266422,-0.0413824036259762,-0.00828592337291492
113,22,3.9567328291448,0,-0.211302849318949,-0.564340889896645,-0.515611346922281,-0.223578291352897,-0.0393050211279284,0.054059158187951,0.0805929982767185,0.0643752508203305,0.0294846675007663
113,28,4.46764165445682,0,-0.182974906163689,-0.530508808770545,-0.844485098267636,-0.620169495526549,-0.350912395835797,-0.172564387054136,-0.0667123061306369,-0.0149429900143997,0.00115672434550521
113,38,4.97817108177097,0,-0.135761667571587,-0.398314487382262,-0.778687944099527,-1.10777920687538,-0.870257633235046,-0.550270295790943,-0.312221146809564,-0.147140058072283,-0.0460565142465955
114,45,4.95428623886887,0,-0.102712400557116,-0.305776539741745,-0.606831755624278,-1.00059909797661,-1.16617300055559,-0.814664431906707,-0.484077335284814,-0.239678005712801,-0.0791057812610658
115,25,4.13519242669592,0,-0.197138877741319,-0.563788742407093,-0.712233907507624,-0.421873893439723,-0.195108708481862,-0.0592526144330919,0.00694034607304139,0.0247161304029654,0.0153206959231358
115,31,4.4663643093895,0,-0.168810934586059,-0.490852435022781,-0.889919040209642,-0.814559630570266,-0.506716083189731,-0.285876159675178,-0.140364958334315,-0.0546021104317647,-0.0130072472321252
115,39,4.62103921659661,0,-0.131040343712377,-0.385094780576474,-0.754137060031634,-1.11544052823281,-0.921924876976268,-0.588040886664623,-0.336772030877457,-0.160359764878071,-0.0507778381058055
116,23,3.65605169548536,0,-0.206581525459739,-0.569660965927503,-0.586436870364723,-0.289676825381839,-0.091239583579239,0.0162885673142703,0.0560421142088263,0.0511555440145421,0.0247633436415561
116,33,4.56161858223869,0,-0.159368286867638,-0.464413021411204,-0.879836894796319,-0.930582349546954,-0.610585208092353,-0.36141734142254,-0.1894667264701,-0.0810415240433412,-0.0224498949505453
117,20,3.48629340220858,0,-0.220745497037369,-0.531585248719675,-0.363709403828539,-0.0913812232950135,0.0645641037746962,0.129600339935314,0.129694766412504,0.0908146644319071,0.0389273152191868
117,34,4.63170837039993,0,-0.154646963008428,-0.451193314605416,-0.866045159529296,-0.981161178933605,-0.662519770543664,-0.399187932296221,-0.214017610537993,-0.0942612308491295,-0.0271712188097552
117,48,4.90287317163372,0,-0.0885484289794863,-0.26611741932438,-0.533179103420601,-0.89020561365407,-1.19564444388758,-0.927952858221363,-0.557729987488492,-0.279337126130167,-0.0932697528386962
118,35,4.2586551585294,0,-0.149925639149218,-0.437973607799627,-0.847913812830865,-1.02529082464363,-0.714454332994974,-0.436958523169901,-0.238568494605886,-0.107480937654918,-0.0318925426689653
118,54,4.81421855635136,0,-0.0602204858242253,-0.18679917848965,-0.385873799013245,-0.663582068411984,-1.02034823544693,-1.10330791463533,-0.705035291895848,-0.358655366964897,-0.121597695993957
119,72,5.03244887572411,0,0.0247633436415568,0.0511555440145409,0.0560421142088229,0.016288567314274,-0.0912395835792374,-0.289676825381838,-0.586436870364725,-0.569660965927505,-0.206581525459739
120,60,4.60608670413695,0,-0.0318925426689646,-0.107480937654919,-0.238568494605888,-0.436958523169899,-0.714454332994973,-1.02529082464362,-0.847913812830866,-0.437973607799628,-0.149925639149217
120,66,4.73961380747948,0,-0.00356459951370394,-0.0281626968201894,-0.0912631901985328,-0.210334977927813,-0.402846958287105,-0.686187649366562,-0.869195267417832,-0.517291848634358,-0.178253582304478
120,75,4.84519342633523,0,0.0389273152191873,0.0908146644319063,0.129694766412502,0.129600339935318,0.064564103774698,-0.0913812232950121,-0.36370940382854,-0.531585248719676,-0.220745497037369
121,30,4.54292203226479,0,-0.173532258445269,-0.504072141828569,-0.883968204942691,-0.75135698639348,-0.454781520738419,-0.248105568801498,-0.115814074266422,-0.0413824036259762,-0.00828592337291492
122,35,4.41754913428863,0,-0.149925639149218,-0.437973607799627,-0.847913812830865,-1.02529082464363,-0.714454332994974,-0.436958523169901,-0.238568494605886,-0.107480937654918,-0.0318925426689653
122,51,4.89617615140433,0,-0.0743844574018556,-0.226458298907014,-0.459526451216922,-0.776893841033027,-1.13889611002407,-1.0332801940577,-0.63138263969217,-0.318996246547532,-0.107433724416326
123,36,4.63500958220983,0,-0.145204315290008,-0.42475390099384,-0.826563477407655,-1.06185066397039,-0.766388895446286,-0.474729114043582,-0.263119378673779,-0.120700644460706,-0.0366138665281754
124,25,2.50208897627115,0,-0.197138877741319,-0.563788742407093,-0.712233907507624,-0.421873893439723,-0.195108708481862,-0.0592526144330919,0.00694034607304139,0.0247161304029654,0.0153206959231358
124,29,3.24828929113776,0,-0.178253582304479,-0.517291848634357,-0.86919526741783,-0.686187649366566,-0.402846958287108,-0.210334977927817,-0.0912631901985294,-0.0281626968201879,-0.00356459951370489
124,40,4.42824051230307,0,-0.126319019853167,-0.371875073770686,-0.729586175963742,-1.11357655658391,-0.972328618615771,-0.625811477538304,-0.36132291494535,-0.17357947168386,-0.0554991619650157
125,17,2.51294451273127,1,-0.234119079345112,-0.411934502106479,-0.126248199995279,0.106914378791812,0.220367791128631,0.242912112556359,0.203347418616181,0.130473784849272,0.0530912867968174
125,24,3.70874377352802,1,-0.201860201600529,-0.569103375862111,-0.652351264795379,-0.355775359410781,-0.143174146030551,-0.0214820235594109,0.0314912301409338,0.0379358372087538,0.020042019782346
125,31,4.52141739112319,1,-0.168810934586059,-0.490852435022781,-0.889919040209642,-0.814559630570266,-0.506716083189731,-0.285876159675178,-0.140364958334315,-0.0546021104317647,-0.0130072472321252
126,20,3.51014909196482,1,-0.220745497037369,-0.531585248719675,-0.363709403828539,-0.0913812232950135,0.0645641037746962,0.129600339935314,0.129694766412504,0.0908146644319071,0.0389273152191868
126,24,3.95022119603749,1,-0.201860201600529,-0.569103375862111,-0.652351264795379,-0.355775359410781,-0.143174146030551,-0.0214820235594109,0.0314912301409338,0.0379358372087538,0.020042019782346
126,34,4.79929263960849,1,-0.154646963008428,-0.451193314605416,-0.866045159529296,-0.981161178933605,-0.662519770543664,-0.399187932296221,-0.214017610537993,-0.0942612308491295,-0.0271712188097552
127,16,2.34264646820562,1,-0.236281383043617,-0.352933392980394,-0.0469299591605489,0.173012912820754,0.272302353579943,0.28068270343004,0.227898302684073,0.14369349165506,0.0578126106560276
127,20,4.25203168084484,1,-0.220745497037369,-0.531585248719675,-0.363709403828539,-0.0913812232950135,0.0645641037746962,0.129600339935314,0.129694766412504,0.0908146644319071,0.0389273152191868
127,41,5.0515878269396,1,-0.121597695993957,-0.358655366964898,-0.705035291895849,-1.10330791463533,-1.02034823544693,-0.663582068411985,-0.385873799013243,-0.186799178489648,-0.0602204858242256
128,18,1.92906169667525,1,-0.230144168418641,-0.461959423352494,-0.205566440830009,0.0408158447628708,0.168433228677319,0.205141521682677,0.178796534548289,0.117254078043484,0.0483699629376072
128,22,2.10495616672886,1,-0.211302849318949,-0.564340889896645,-0.515611346922281,-0.223578291352897,-0.0393050211279284,0.054059158187951,0.0805929982767185,0.0643752508203305,0.0294846675007663
129,22,2.18004571631905,1,-0.211302849318949,-0.564340889896645,-0.515611346922281,-0.223578291352897,-0.0393050211279284,0.054059158187951,0.0805929982767185,0.0643752508203305,0.0294846675007663
129,26,2.2920576752438,1,-0.192417553882109,-0.554837688269077,-0.764964175794833,-0.487972427468665,-0.247043270933175,-0.0970232053067738,-0.0176105379948515,0.0114964235971772,0.0105993720639255
130,22,3.7152104670266,1,-0.211302849318949,-0.564340889896645,-0.515611346922281,-0.223578291352897,-0.0393050211279284,0.054059158187951,0.0805929982767185,0.0643752508203305,0.0294846675007663
130,25,3.6784572906982,1,-0.197138877741319,-0.563788742407093,-0.712233907507624,-0.421873893439723,-0.195108708481862,-0.0592526144330919,0.00694034607304139,0.0247161304029654,0.0153206959231358
130,35,2.9184350408064,1,-0.149925639149218,-0.437973607799627,-0.847913812830865,-1.02529082464363,-0.714454332994974,-0.436958523169901,-0.238568494605886,-0.107480937654918,-0.0318925426689653
131,19,3.38206304628782,1,-0.22546682089658,-0.501908438160312,-0.28487422959049,-0.0252826892660717,0.116498666226008,0.167370930808996,0.154245650480396,0.104034371237695,0.043648639078397
132,37,3.98470019358194,1,-0.140482991430798,-0.411534194188051,-0.803114775966287,-1.08972007420728,-0.818323457897597,-0.512499704917262,-0.287670262741671,-0.133920351266495,-0.0413351903873855
132,39,4.20515414710437,1,-0.131040343712377,-0.385094780576474,-0.754137060031634,-1.11544052823281,-0.921924876976268,-0.588040886664623,-0.336772030877457,-0.160359764878071,-0.0507778381058055
132,41,4.24864120621808,1,-0.121597695993957,-0.358655366964898,-0.705035291895849,-1.10330791463533,-1.02034823544693,-0.663582068411985,-0.385873799013243,-0.186799178489648,-0.0602204858242256
132,56,3.48785385682921,1,-0.050777838105805,-0.160359764878073,-0.336772030877459,-0.588040886664623,-0.921924876976269,-1.1154405282328,-0.754137060031635,-0.385094780576474,-0.131040343712377
133,31,2.01721334520709,1,-0.168810934586059,-0.490852435022781,-0.889919040209642,-0.814559630570266,-0.506716083189731,-0.285876159675178,-0.140364958334315,-0.0546021104317647,-0.0130072472321252
134,20,2.83928273323012,1,-0.220745497037369,-0.531585248719675,-0.363709403828539,-0.0913812232950135,0.0645641037746962,0.129600339935314,0.129694766412504,0.0908146644319071,0.0389273152191868
135,22,4.58883542783038,1,-0.211302849318949,-0.564340889896645,-0.515611346922281,-0.223578291352897,-0.0393050211279284,0.054059158187951,0.0805929982767185,0.0643752508203305,0.0294846675007663
136,40,2.87304711275898,1,-0.126319019853167,-0.371875073770686,-0.729586175963742,-1.11357655658391,-0.972328618615771,-0.625811477538304,-0.36132291494535,-0.17357947168386,-0.0554991619650157
136,46,1.68224285572986,1,-0.0979910766979064,-0.292556832935956,-0.582280871556386,-0.965116445128956,-1.18546265274563,-0.852435022780389,-0.508628219352707,-0.25289771251859,-0.083827105120276
137,36,4.02093539813492,1,-0.145204315290008,-0.42475390099384,-0.826563477407655,-1.06185066397039,-0.766388895446286,-0.474729114043582,-0.263119378673779,-0.120700644460706,-0.0366138665281754
138,24,1.79077608598181,1,-0.201860201600529,-0.569103375862111,-0.652351264795379,-0.355775359410781,-0.143174146030551,-0.0214820235594109,0.0314912301409338,0.0379358372087538,0.020042019782346
139,22,2.25432636870708,1,-0.211302849318949,-0.564340889896645,-0.515611346922281,-0.223578291352897,-0.0393050211279284,0.054059158187951,0.0805929982767185,0.0643752508203305,0.0294846675007663
139,26,2.17048625343785,1,-0.192417553882109,-0.554837688269077,-0.764964175794833,-0.487972427468665,-0.247043270933175,-0.0970232053067738,-0.0176105379948515,0.0114964235971772,0.0105993720639255
140,20,3.32608481167099,1,-0.220745497037369,-0.531585248719675,-0.363709403828539,-0.0913812232950135,0.0645641037746962,0.129600339935314,0.129694766412504,0.0908146644319071,0.0389273152191868
140,34,4.62182659697946,1,-0.154646963008428,-0.451193314605416,-0.866045159529296,-0.981161178933605,-0.662519770543664,-0.399187932296221,-0.214017610537993,-0.0942612308491295,-0.0271712188097552
141,26,3.5550097063047,1,-0.192417553882109,-0.554837688269077,-0.764964175794833,-0.487972427468665,-0.247043270933175,-0.0970232053067738,-0.0176105379948515,0.0114964235971772,0.0105993720639255
142,39,4.14947117149902,1,-0.131040343712377,-0.385094780576474,-0.754137060031634,-1.11544052823281,-0.921924876976268,-0.588040886664623,-0.336772030877457,-0.160359764878071,-0.0507778381058055
142,41,4.03656690643735,1,-0.121597695993957,-0.358655366964898,-0.705035291895849,-1.10330791463533,-1.02034823544693,-0.663582068411985,-0.385873799013243,-0.186799178489648,-0.0602204858242256
142,48,3.81877495996631,1,-0.0885484289794863,-0.26611741932438,-0.533179103420601,-0.89020561365407,-1.19564444388758,-0.927952858221363,-0.557729987488492,-0.279337126130167,-0.0932697528386962
143,22,3.16214846707636,1,-0.211302849318949,-0.564340889896645,-0.515611346922281,-0.223578291352897,-0.0393050211279284,0.054059158187951,0.0805929982767185,0.0643752508203305,0.0294846675007663
143,31,3.68921837194231,1,-0.168810934586059,-0.490852435022781,-0.889919040209642,-0.814559630570266,-0.506716083189731,-0.285876159675178,-0.140364958334315,-0.0546021104317647,-0.0130072472321252
143,61,3.17385838320932,1,-0.0271712188097548,-0.0942612308491319,-0.214017610537997,-0.399187932296219,-0.662519770543663,-0.981161178933604,-0.866045159529298,-0.451193314605417,-0.154646963008428
144,19,2.44368694809702,1,-0.22546682089658,-0.501908438160312,-0.28487422959049,-0.0252826892660717,0.116498666226008,0.167370930808996,0.154245650480396,0.104034371237695,0.043648639078397
144,21,2.74625907403755,1,-0.21602417317816,-0.55202252506291,-0.440995317174677,-0.157479757323955,0.0126295413233842,0.0918297490616328,0.105143882344611,0.0775949576261188,0.0342059913599765
144,27,3.52021749544897,1,-0.187696230022899,-0.543370836154685,-0.809421446950379,-0.554070961497607,-0.298977833384486,-0.134793796180455,-0.0421614220627439,-0.00172328320861131,0.00587804820471555
144,31,3.57443871574847,1,-0.168810934586059,-0.490852435022781,-0.889919040209642,-0.814559630570266,-0.506716083189731,-0.285876159675178,-0.140364958334315,-0.0546021104317647,-0.0130072472321252
144,35,3.979255812091,1,-0.149925639149218,-0.437973607799627,-0.847913812830865,-1.02529082464363,-0.714454332994974,-0.436958523169901,-0.238568494605886,-0.107480937654918,-0.0318925426689653
144,40,3.97357850775803,1,-0.126319019853167,-0.371875073770686,-0.729586175963742,-1.11357655658391,-0.972328618615771,-0.625811477538304,-0.36132291494535,-0.17357947168386,-0.0554991619650157
145,15,2.71228862934344,1,-0.235510456807529,-0.286076718680864,0.0323882816741814,0.239111446849697,0.324236916031254,0.318453294303722,0.252449186751966,0.156913198460849,0.0625339345152378
145,21,2.37511183659406,1,-0.21602417317816,-0.55202252506291,-0.440995317174677,-0.157479757323955,0.0126295413233842,0.0918297490616328,0.105143882344611,0.0775949576261188,0.0342059913599765
146,29,3.11514606081862,1,-0.178253582304479,-0.517291848634357,-0.86919526741783,-0.686187649366566,-0.402846958287108,-0.210334977927817,-0.0912631901985294,-0.0281626968201879,-0.00356459951370489
146,45,4.7041612601209,1,-0.102712400557116,-0.305776539741745,-0.606831755624278,-1.00059909797661,-1.16617300055559,-0.814664431906707,-0.484077335284814,-0.239678005712801,-0.0791057812610658
146,53,4.69519749833425,1,-0.0649418096834354,-0.200018885295438,-0.410424683081137,-0.701352659285665,-1.06486310476311,-1.08575522509369,-0.680484407827956,-0.345435660159109,-0.116876372134747
147,80,2.31499313947589,1,0.0625339345152381,0.156913198460849,0.252449186751965,0.318453294303724,0.324236916031255,0.239111446849697,0.032388281674181,-0.286076718680865,-0.235510456807529
148,14,2.40680752363383,1,-0.230685677930224,-0.212485101914516,0.111706522508912,0.305209980878638,0.376171478482566,0.356223885177403,0.277000070819859,0.170132905266637,0.067255258374448
149,25,2.15985972590198,1,-0.197138877741319,-0.563788742407093,-0.712233907507624,-0.421873893439723,-0.195108708481862,-0.0592526144330919,0.00694034607304139,0.0247161304029654,0.0153206959231358
150,26,2.7075331030951,1,-0.192417553882109,-0.554837688269077,-0.764964175794833,-0.487972427468665,-0.247043270933175,-0.0970232053067738,-0.0176105379948515,0.0114964235971772,0.0105993720639255
151,18,2.86567945842707,1,-0.230144168418641,-0.461959423352494,-0.205566440830009,0.0408158447628708,0.168433228677319,0.205141521682677,0.178796534548289,0.117254078043484,0.0483699629376072
151,35,3.82315000278795,1,-0.149925639149218,-0.437973607799627,-0.847913812830865,-1.02529082464363,-0.714454332994974,-0.436958523169901,-0.238568494605886,-0.107480937654918,-0.0318925426689653
151,50,4.0263485955469,1,-0.0791057812610656,-0.239678005712803,-0.484077335284814,-0.814664431906708,-1.16617300055559,-1.00059909797661,-0.606831755624277,-0.305776539741743,-0.102712400557116
152,21,2.88765339984717,1,-0.21602417317816,-0.55202252506291,-0.440995317174677,-0.157479757323955,0.0126295413233842,0.0918297490616328,0.105143882344611,0.0775949576261188,0.0342059913599765
152,36,4.14371551344059,1,-0.145204315290008,-0.42475390099384,-0.826563477407655,-1.06185066397039,-0.766388895446286,-0.474729114043582,-0.263119378673779,-0.120700644460706,-0.0366138665281754
153,30,3.36334606080457,1,-0.173532258445269,-0.504072141828569,-0.883968204942691,-0.75135698639348,-0.454781520738419,-0.248105568801498,-0.115814074266422,-0.0413824036259762,-0.00828592337291492
153,37,3.76885164037611,1,-0.140482991430798,-0.411534194188051,-0.803114775966287,-1.08972007420728,-0.818323457897597,-0.512499704917262,-0.287670262741671,-0.133920351266495,-0.0413351903873855
153,46,4.45756110923589,1,-0.0979910766979064,-0.292556832935956,-0.582280871556386,-0.965116445128956,-1.18546265274563,-0.852435022780389,-0.508628219352707,-0.25289771251859,-0.083827105120276
154,20,2.9352084483919,1,-0.220745497037369,-0.531585248719675,-0.363709403828539,-0.0913812232950135,0.0645641037746962,0.129600339935314,0.129694766412504,0.0908146644319071,0.0389273152191868
154,34,4.37170418016495,1,-0.154646963008428,-0.451193314605416,-0.866045159529296,-0.981161178933605,-0.662519770543664,-0.399187932296221,-0.214017610537993,-0.0942612308491295,-0.0271712188097552
154,60,3.88557742413205,1,-0.0318925426689646,-0.107480937654919,-0.238568494605888,-0.436958523169899,-0.714454332994973,-1.02529082464362,-0.847913812830866,-0.437973607799628,-0.149925639149217
155,20,3.2511369885668,1,-0.220745497037369,-0.531585248719675,-0.363709403828539,-0.0913812232950135,0.0645641037746962,0.129600339935314,0.129694766412504,0.0908146644319071,0.0389273152191868
156,27,4.05024357883792,1,-0.187696230022899,-0.543370836154685,-0.809421446950379,-0.554070961497607,-0.298977833384486,-0.134793796180455,-0.0421614220627439,-0.00172328320861131,0.00587804820471555
156,42,4.35564956183492,1,-0.116876372134747,-0.34543566015911,-0.680484407827956,-1.08575522509369,-1.06486310476311,-0.701352659285666,-0.410424683081136,-0.200018885295437,-0.0649418096834358
156,49,3.99141223096063,1,-0.083827105120276,-0.252897712518592,-0.508628219352708,-0.85243502278039,-1.18546265274563,-0.965116445128955,-0.582280871556385,-0.292556832935956,-0.0979910766979064
157,43,3.20103595941388,1,-0.112155048275537,-0.332215953353321,-0.655933523760064,-1.0620391106656,-1.1047526038577,-0.739123250159346,-0.434975567149028,-0.213238592101225,-0.0696631335426459
157,47,3.50353971259424,1,-0.0932697528386961,-0.279337126130168,-0.557729987488493,-0.927952858221363,-1.19564444388758,-0.890205613654069,-0.533179103420599,-0.266117419324378,-0.0885484289794861
157,57,3.91958096975318,1,-0.046056514246595,-0.147140058072285,-0.312221146809567,-0.550270295790942,-0.870257633235046,-1.10777920687538,-0.778687944099528,-0.398314487382263,-0.135761667571587
157,71,3.81276539716279,1,0.0200420197823467,0.0379358372087524,0.0314912301409307,-0.0214820235594069,-0.143174146030548,-0.355775359410779,-0.652351264795381,-0.569103375862112,-0.201860201600529
158,17,2.39456874541075,1,-0.234119079345112,-0.411934502106479,-0.126248199995279,0.106914378791812,0.220367791128631,0.242912112556359,0.203347418616181,0.130473784849272,0.0530912867968174
158,19,2.74688000168836,1,-0.22546682089658,-0.501908438160312,-0.28487422959049,-0.0252826892660717,0.116498666226008,0.167370930808996,0.154245650480396,0.104034371237695,0.043648639078397
158,24,3.04786342560791,1,-0.201860201600529,-0.569103375862111,-0.652351264795379,-0.355775359410781,-0.143174146030551,-0.0214820235594109,0.0314912301409338,0.0379358372087538,0.020042019782346
158,31,3.01017594817306,1,-0.168810934586059,-0.490852435022781,-0.889919040209642,-0.814559630570266,-0.506716083189731,-0.285876159675178,-0.140364958334315,-0.0546021104317647,-0.0130072472321252
158,35,2.64426710777801,1,-0.149925639149218,-0.437973607799627,-0.847913812830865,-1.02529082464363,-0.714454332994974,-0.436958523169901,-0.238568494605886,-0.107480937654918,-0.0318925426689653
159,19,3.28984217963466,1,-0.22546682089658,-0.501908438160312,-0.28487422959049,-0.0252826892660717,0.116498666226008,0.167370930808996,0.154245650480396,0.104034371237695,0.043648639078397
159,23,3.78777156902299,1,-0.206581525459739,-0.569660965927503,-0.586436870364723,-0.289676825381839,-0.091239583579239,0.0162885673142703,0.0560421142088263,0.0511555440145421,0.0247633436415561
159,33,4.26849170338069,1,-0.159368286867638,-0.464413021411204,-0.879836894796319,-0.930582349546954,-0.610585208092353,-0.36141734142254,-0.1894667264701,-0.0810415240433412,-0.0224498949505453
160,27,2.34206743374146,1,-0.187696230022899,-0.543370836154685,-0.809421446950379,-0.554070961497607,-0.298977833384486,-0.134793796180455,-0.0421614220627439,-0.00172328320861131,0.00587804820471555
160,33,2.79081202533743,1,-0.159368286867638,-0.464413021411204,-0.879836894796319,-0.930582349546954,-0.610585208092353,-0.36141734142254,-0.1894667264701,-0.0810415240433412,-0.0224498949505453
160,40,3.09549542574048,1,-0.126319019853167,-0.371875073770686,-0.729586175963742,-1.11357655658391,-0.972328618615771,-0.625811477538304,-0.36132291494535,-0.17357947168386,-0.0554991619650157
161,35,1.79874398175707,1,-0.149925639149218,-0.437973607799627,-0.847913812830865,-1.02529082464363,-0.714454332994974,-0.436958523169901,-0.238568494605886,-0.107480937654918,-0.0318925426689653
161,39,2.7456107731517,1,-0.131040343712377,-0.385094780576474,-0.754137060031634,-1.11544052823281,-0.921924876976268,-0.588040886664623,-0.336772030877457,-0.160359764878071,-0.0507778381058055
161,44,3.30337884197859,1,-0.107433724416326,-0.318996246547533,-0.631382639692171,-1.0332801940577,-1.13889611002407,-0.776893841033026,-0.459526451216921,-0.226458298907013,-0.0743844574018557
161,50,3.51925232864535,1,-0.0791057812610656,-0.239678005712803,-0.484077335284814,-0.814664431906708,-1.16617300055559,-1.00059909797661,-0.606831755624277,-0.305776539741743,-0.102712400557116
162,17,2.46570997853234,1,-0.234119079345112,-0.411934502106479,-0.126248199995279,0.106914378791812,0.220367791128631,0.242912112556359,0.203347418616181,0.130473784849272,0.0530912867968174
162,36,4.00345324724437,1,-0.145204315290008,-0.42475390099384,-0.826563477407655,-1.06185066397039,-0.766388895446286,-0.474729114043582,-0.263119378673779,-0.120700644460706,-0.0366138665281754
162,48,3.54224073969252,1,-0.0885484289794863,-0.26611741932438,-0.533179103420601,-0.89020561365407,-1.19564444388758,-0.927952858221363,-0.557729987488492,-0.279337126130167,-0.0932697528386962
163,49,3.83137850746267,1,-0.083827105120276,-0.252897712518592,-0.508628219352708,-0.85243502278039,-1.18546265274563,-0.965116445128955,-0.582280871556385,-0.292556832935956,-0.0979910766979064
164,26,2.23273706294171,1,-0.192417553882109,-0.554837688269077,-0.764964175794833,-0.487972427468665,-0.247043270933175,-0.0970232053067738,-0.0176105379948515,0.0114964235971772,0.0105993720639255
164,29,2.24920667179618,1,-0.178253582304479,-0.517291848634357,-0.86919526741783,-0.686187649366566,-0.402846958287108,-0.210334977927817,-0.0912631901985294,-0.0281626968201879,-0.00356459951370489
165,24,3.44882236437274,1,-0.201860201600529,-0.569103375862111,-0.652351264795379,-0.355775359410781,-0.143174146030551,-0.0214820235594109,0.0314912301409338,0.0379358372087538,0.020042019782346
165,31,3.66202692236515,1,-0.168810934586059,-0.490852435022781,-0.889919040209642,-0.814559630570266,-0.506716083189731,-0.285876159675178,-0.140364958334315,-0.0546021104317647,-0.0130072472321252
165,45,4.01237429860439,1,-0.102712400557116,-0.305776539741745,-0.606831755624278,-1.00059909797661,-1.16617300055559,-0.814664431906707,-0.484077335284814,-0.239678005712801,-0.0791057812610658
166,34,3.95443260718921,1,-0.154646963008428,-0.451193314605416,-0.866045159529296,-0.981161178933605,-0.662519770543664,-0.399187932296221,-0.214017610537993,-0.0942612308491295,-0.0271712188097552
166,56,3.83469864615557,1,-0.050777838105805,-0.160359764878073,-0.336772030877459,-0.588040886664623,-0.921924876976269,-1.1154405282328,-0.754137060031635,-0.385094780576474,-0.131040343712377
167,28,3.65449489320216,1,-0.182974906163689,-0.530508808770545,-0.844485098267636,-0.620169495526549,-0.350912395835797,-0.172564387054136,-0.0667123061306369,-0.0149429900143997,0.00115672434550521
168,17,3.01680308668792,1,-0.234119079345112,-0.411934502106479,-0.126248199995279,0.106914378791812,0.220367791128631,0.242912112556359,0.203347418616181,0.130473784849272,0.0530912867968174
168,23,3.58663827995871,1,-0.206581525459739,-0.569660965927503,-0.586436870364723,-0.289676825381839,-0.091239583579239,0.0162885673142703,0.0560421142088263,0.0511555440145421,0.0247633436415561
168,31,4.39074084645223,1,-0.168810934586059,-0.490852435022781,-0.889919040209642,-0.814559630570266,-0.506716083189731,-0.285876159675178,-0.140364958334315,-0.0546021104317647,-0.0130072472321252
168,48,3.20734726670792,1,-0.0885484289794863,-0.26611741932438,-0.533179103420601,-0.89020561365407,-1.19564444388758,-0.927952858221363,-0.557729987488492,-0.279337126130167,-0.0932697528386962
169,16,2.56596772695957,1,-0.236281383043617,-0.352933392980394,-0.0469299591605489,0.173012912820754,0.272302353579943,0.28068270343004,0.227898302684073,0.14369349165506,0.0578126106560276
169,18,2.94022360708891,1,-0.230144168418641,-0.461959423352494,-0.205566440830009,0.0408158447628708,0.168433228677319,0.205141521682677,0.178796534548289,0.117254078043484,0.0483699629376072
169,24,3.87781607889887,1,-0.201860201600529,-0.569103375862111,-0.652351264795379,-0.355775359410781,-0.143174146030551,-0.0214820235594109,0.0314912301409338,0.0379358372087538,0.020042019782346
169,45,4.09430829584296,1,-0.102712400557116,-0.305776539741745,-0.606831755624278,-1.00059909797661,-1.16617300055559,-0.814664431906707,-0.484077335284814,-0.239678005712801,-0.0791057812610658
170,39,4.59892134974887,1,-0.131040343712377,-0.385094780576474,-0.754137060031634,-1.11544052823281,-0.921924876976268,-0.588040886664623,-0.336772030877457,-0.160359764878071,-0.0507778381058055
171,42,4.41769711022648,1,-0.116876372134747,-0.34543566015911,-0.680484407827956,-1.08575522509369,-1.06486310476311,-0.701352659285666,-0.410424683081136,-0.200018885295437,-0.0649418096834358
172,24,1.78454456529802,1,-0.201860201600529,-0.569103375862111,-0.652351264795379,-0.355775359410781,-0.143174146030551,-0.0214820235594109,0.0314912301409338,0.0379358372087538,0.020042019782346
173,39,4.53337975513712,1,-0.131040343712377,-0.385094780576474,-0.754137060031634,-1.11544052823281,-0.921924876976268,-0.588040886664623,-0.336772030877457,-0.160359764878071,-0.0507778381058055
173,42,4.60930636262086,1,-0.116876372134747,-0.34543566015911,-0.680484407827956,-1.08575522509369,-1.06486310476311,-0.701352659285666,-0.410424683081136,-0.200018885295437,-0.0649418096834358
173,46,4.56535350695481,1,-0.0979910766979064,-0.292556832935956,-0.582280871556386,-0.965116445128956,-1.18546265274563,-0.852435022780389,-0.508628219352707,-0.25289771251859,-0.083827105120276
